unit_id,stage_name,stage_index,gain_R,gain_C,gain_R_to_CV,gain_C_to_RV,R_over_C,R_transfer_rescue,C_transfer_gain,bidirectional_transfer,incremental_gain_R,incremental_gain_C,incremental_gain_R_to_CV,incremental_gain_C_to_RV,actual_gain_R,actual_gain_C,actual_gain_R_to_CV,actual_gain_C_to_RV,valid_tokens,denom_sum_epsilon_sq
test/algebra/1332.json|64,raw_core_output,0,1.000362954059326,1.0322382525793987,1.345569838096153,0.9995545957963853,0.96912021188772,-0.345206884036827,-0.03268365678301344,False,1.0,1.0,1.0,1.0,1.0803147661855488,0.9195751682496637,1.5781565838064084,0.47683887166409644,128,0.044625051003191314
test/algebra/1332.json|64,rms_normalized_core,1,2055.236953769704,13160.852016906176,1460.2176440136036,29318.800880345094,0.15616291035941945,595.0193097561005,16157.948863438918,True,2054.4912678221435,12749.820096287418,1085.2039059366703,29331.86541647212,1870.2260737446645,8929.89283055469,1677.0306241429498,12717.137074712255,128,0.044625051003191314
test/algebra/1332.json|64,learned_norm_weight,2,1915.2355368541082,8156.51744644757,1300.3968518745755,23885.751955883625,0.23481045059104919,614.8386849795327,15729.234509436053,True,0.9318806443905132,0.6197560337256178,0.8905500198588615,0.8146906162146724,1750.8796109171014,5760.36375089882,1465.9655375669302,10466.645483982922,128,0.044625051003191314
test/algebra/1332.json|64,dynamic_silu_z_gate,3,1153.3270906578366,2172.0927352195004,316.21636265041064,20442.112092390562,0.530975069322391,837.1107280074259,18270.019357171062,True,0.6021855111106839,0.266301488285974,0.2431691234830133,0.8558287019871353,1071.4995317451437,1555.954304723644,352.9783938793619,8777.837772123026,128,0.044625051003191314
test/algebra/1332.json|64,head_merge_flatten,4,1153.3270906578366,2172.0927352195004,316.21636265041064,20442.112092390562,0.530975069322391,837.1107280074259,18270.019357171062,True,0.9999999999999992,0.9999999999999996,0.9999999999999968,1.0,1071.4995317451437,1555.954304723644,352.9783938793619,8777.837772123026,128,0.044625051003191314
test/algebra/1332.json|64,out_proj_hidden_contribution,5,1210.4074664393565,1638.4342178347283,337.8751157852939,19130.695284877103,0.7387586594956306,872.5323506540626,17492.261067042375,True,1.0494919231880362,0.7543113566323659,1.06849346110159,0.9358472939789023,1139.5943785746465,1193.9772770457444,371.22752017703795,8305.325116637698,128,0.044625051003191314
test/algebra/1332.json|128,raw_core_output,0,1.0008856787624456,0.9617146274590785,1.5041312524433077,1.001598516136084,1.040730431027985,-0.5032455736808621,0.03988388867700554,False,1.0,1.0,1.0,1.0,1.1982318584383003,0.8016499377729122,1.7460453631265187,0.3895322408780693,128,0.051595543544777085
test/algebra/1332.json|128,rms_normalized_core,1,1462.3976323641004,11511.325045178644,1036.6512072905641,31698.272945661836,0.1270399043224485,425.74642507353633,20186.947900483192,True,1461.1035639663007,11969.585068681394,689.2026248413765,31647.68361270559,1588.6940244543785,8302.483340033437,1422.514235485278,12039.263109309268,128,0.051595543544777085
test/algebra/1332.json|128,learned_norm_weight,2,1371.8560154328063,7059.568815500901,977.954573935941,25784.7817685024,0.1943257515134043,393.90144149686535,18725.212953001497,True,0.9380868684908042,0.6132716075511828,0.9433786089845628,0.8134443732219566,1483.0651314228523,5016.419630533134,1275.5580321738225,9847.985859602868,128,0.051595543544777085
test/algebra/1332.json|128,dynamic_silu_z_gate,3,764.1003863741525,1937.6926789670426,243.35182913564074,19147.557785172747,0.39433517743457835,520.7485572385118,17209.865106205703,True,0.5569829324494279,0.274477482918276,0.2488375591477941,0.7425914229982972,845.7520322350852,1302.5540211032132,313.8550352009681,6841.668141813217,128,0.051595543544777085
test/algebra/1332.json|128,head_merge_flatten,4,764.1003863741525,1937.6926789670426,243.35182913564074,19147.557785172747,0.39433517743457835,520.7485572385118,17209.865106205703,True,0.9999999999999987,0.9999999999999996,0.9999999999999959,1.0,845.7520322350852,1302.5540211032132,313.8550352009681,6841.668141813217,128,0.051595543544777085
test/algebra/1332.json|128,out_proj_hidden_contribution,5,828.4373692427752,1378.6689623036768,269.44577892697845,17610.21759490557,0.600896510978606,558.9915903157967,16231.548632601894,True,1.0841996470829136,0.7115003205970855,1.1072272597416648,0.9197108995562012,914.9960426264436,957.0527075588853,332.8119646976285,6332.871582065297,128,0.051595543544777085
test/algebra/1332.json|256,raw_core_output,0,1.0015886703038333,0.9003394726064959,1.351848482488335,0.9999713000926209,1.112456690811419,-0.35025981218450175,0.09963182748612498,False,1.0,1.0,1.0,1.0,1.293299476087284,0.7062967157431999,1.6169355730274901,0.4587344164060566,128,0.08817842436092775
test/algebra/1332.json|256,rms_normalized_core,1,1001.5082223666116,10041.419506337881,791.3047482350435,22864.15873700272,0.0997377135508068,210.2034741315681,12822.739230664838,True,999.9196796643104,11152.92599274435,585.3501768022927,22864.814955051304,1197.1176800321493,6305.815065692786,1013.3402168452276,9685.733170411506,128,0.08817842436092775
test/algebra/1332.json|256,learned_norm_weight,2,943.0171849176313,6127.167060595517,727.9075559740825,18609.68482223346,0.15390753599363693,215.10962894354884,12482.517761637942,True,0.9415970471907219,0.6101893319692707,0.9198827096610181,0.8139238813154347,1114.992665280371,3890.89822308743,898.6574273996107,7929.171849351065,128,0.08817842436092775
test/algebra/1332.json|256,dynamic_silu_z_gate,3,448.89096820959884,1018.9166033853654,156.8378636645839,9123.378213165024,0.44055712382951806,292.05310454501495,8104.461609779659,True,0.47601568178082265,0.16629489506465878,0.2154639862952157,0.49024893759968974,535.5605682387752,637.5195012173914,191.82263277095842,3690.6762482416098,128,0.08817842436092775
test/algebra/1332.json|256,head_merge_flatten,4,448.89096820959884,1018.9166033853654,156.8378636645839,9123.378213165024,0.44055712382951806,292.05310454501495,8104.461609779659,True,0.9999999999999977,0.999999999999999,0.9999999999999937,0.9999999999999998,535.5605682387752,637.5195012173914,191.82263277095842,3690.6762482416098,128,0.08817842436092775
test/algebra/1332.json|256,out_proj_hidden_contribution,5,493.9200526824436,770.9680817927327,175.07911089907137,8669.05629297235,0.6406491583074753,318.8409417833723,7898.088211179616,True,1.1003118522353927,0.7566547440989568,1.1163063995407219,0.9502024458947574,585.6840865103488,502.3458880227341,206.45177618564367,3532.9030497289905,128,0.08817842436092775
test/counting_and_probability/119.json|64,raw_core_output,0,0.9999493341463076,1.1548966995636223,1.4778429537476059,0.9989144554396262,0.8658344374204832,-0.4778936196012983,-0.15598224412399608,False,1.0,1.0,1.0,1.0,1.0007204774088791,0.998422715327337,1.673991723418831,0.44936807471930695,128,0.0323972590623105
test/counting_and_probability/119.json|64,rms_normalized_core,1,2889.245477370148,13768.535215638545,1828.0612009393033,36350.28724173992,0.209844070710477,1061.1842764308446,22581.752026101374,True,2889.3918708730484,11921.875974560377,1236.9793395856814,36389.78998026976,2277.567205453656,10809.294547580927,2074.585531134459,15225.620836930837,128,0.0323972590623105
test/counting_and_probability/119.json|64,learned_norm_weight,2,2694.0610481136896,9870.889476820583,1681.6073928807853,30946.321334729215,0.27292991725214283,1012.4536552329043,21075.431857908632,True,0.9324444977814346,0.7169164564149897,0.919885719371284,0.8513363630093823,2152.567554720642,7571.498330507248,1872.67156845634,13024.306533206713,128,0.0323972590623105
test/counting_and_probability/119.json|64,dynamic_silu_z_gate,3,1475.8929160359612,4917.385173795672,378.880800838097,29017.359032424225,0.3001377487980541,1097.0121151978642,24099.973858628553,True,0.547832023728394,0.4981704217581375,0.2253087150081035,0.9376674764848308,1184.1528071490027,3366.112928895927,420.25721641223237,11103.4390871704,128,0.0323972590623105
test/counting_and_probability/119.json|64,head_merge_flatten,4,1475.8929160359612,4917.385173795672,378.880800838097,29017.359032424225,0.3001377487980541,1097.0121151978642,24099.973858628553,True,0.9999999999999993,0.9999999999999998,0.9999999999999973,1.0,1184.1528071490027,3366.112928895927,420.25721641223237,11103.4390871704,128,0.0323972590623105
test/counting_and_probability/119.json|64,out_proj_hidden_contribution,5,1555.870365648485,3363.020239294714,431.9261135603532,26442.609765195004,0.4626407975394102,1123.9442520881316,23079.58952590029,True,1.0541891953972724,0.6839041727330946,1.1400052803016596,0.9112686559672031,1278.858087614671,2369.0349663524344,472.4876295641208,10184.266071236983,128,0.0323972590623105
test/counting_and_probability/119.json|128,raw_core_output,0,0.9999620292347811,1.0616168330542417,1.3488055147095686,0.9990467977350231,0.9419236753782214,-0.3488434854747875,-0.06257003531921856,False,1.0,1.0,1.0,1.0,1.0881459727327079,0.9106797177052693,1.4662556732146323,0.4739334584469511,128,0.060512759599209306
test/counting_and_probability/119.json|128,rms_normalized_core,1,1592.6781676572282,10085.19520407623,1165.9897410513086,24057.44820759228,0.15792239370969238,426.68842660591963,13972.253003516049,True,1592.738645160786,9499.844849908706,864.4609829472047,24080.401701011157,1580.4256241837647,7986.1305076396675,1390.715000322546,10755.571088140572,128,0.060512759599209306
test/counting_and_probability/119.json|128,learned_norm_weight,2,1489.7132970671842,6619.286941261334,1073.2751786703318,20045.57225406539,0.22505646156250672,416.43811839685236,13426.285312804059,True,0.9353511131872282,0.6563370175111685,0.9204842383112376,0.8332376767931363,1479.0179730584755,5147.16301421672,1247.627579287059,9001.382173286058,128,0.060512759599209306
test/counting_and_probability/119.json|128,dynamic_silu_z_gate,3,831.1060681023631,2008.4233483251608,254.13137723545492,13867.730265226426,0.41381020032227184,576.9746908669082,11859.306916901265,True,0.5578966568524096,0.30341989494452204,0.2367811930117448,0.6918101458746805,838.6436608550647,1622.7425835985584,292.8626083199291,6280.274053541791,128,0.060512759599209306
test/counting_and_probability/119.json|128,head_merge_flatten,4,831.1060681023631,2008.4233483251608,254.13137723545492,13867.730265226426,0.41381020032227184,576.9746908669082,11859.306916901265,True,0.9999999999999988,0.9999999999999996,0.9999999999999961,0.9999999999999999,838.6436608550647,1622.7425835985584,292.8626083199291,6280.274053541791,128,0.060512759599209306
test/counting_and_probability/119.json|128,out_proj_hidden_contribution,5,897.9490561186351,1458.5128906596385,278.64184937856413,13084.310301447491,0.6156606923868332,619.307206740071,11625.797410787853,True,1.0804265431112676,0.7261979362448174,1.0964480356961155,0.9435077010588117,907.9111524004429,1187.3456140342673,314.1331942378742,5959.401482157549,128,0.060512759599209306
test/counting_and_probability/119.json|256,raw_core_output,0,1.0009275036495975,0.9413662213321081,1.3106367291356167,1.0017822713947273,1.063271106362986,-0.3097092254860192,0.06041605006261919,False,1.0,1.0,1.0,1.0,1.199018678680994,0.8007582465714014,1.5667667616864158,0.4194495076415455,128,0.0700460624743789
test/counting_and_probability/119.json|256,rms_normalized_core,1,1211.219748395519,12152.687172924505,936.1519102276286,29422.43895793944,0.09966682521821572,275.0678381678904,17269.751785014938,True,1210.097378659234,12909.627409101822,714.2726046173905,29370.093480439413,1329.9324482322493,9045.790251187473,1170.2849122953853,12099.421994939423,128,0.0700460624743789
test/counting_and_probability/119.json|256,learned_norm_weight,2,1147.0864848215322,6546.802093298326,866.5368826568774,23745.539601770586,0.17521325197774865,280.54960216465474,17198.73750847226,True,0.9470506787402172,0.5387123028957931,0.9256370394481971,0.8070554462094658,1251.646284260353,4841.205974535697,1047.8368875804597,9808.353565414043,128,0.0700460624743789
test/counting_and_probability/119.json|256,dynamic_silu_z_gate,3,570.7391498313867,1638.6415800332575,202.3360794826,12864.87098357301,0.34830017545374553,368.40307034878674,11226.229403539752,True,0.4975554654191431,0.2502964892906512,0.2334996738537196,0.5417805280202493,635.123125841794,1206.6789087651339,243.4579975644371,5095.040758706704,128,0.0700460624743789
test/counting_and_probability/119.json|256,head_merge_flatten,4,570.7391498313867,1638.6415800332575,202.3360794826,12864.87098357301,0.34830017545374553,368.40307034878674,11226.229403539752,True,0.9999999999999982,0.9999999999999994,0.9999999999999951,0.9999999999999999,635.123125841794,1206.6789087651339,243.4579975644371,5095.040758706704,128,0.0700460624743789
test/counting_and_probability/119.json|256,out_proj_hidden_contribution,5,636.4459568910827,1227.9965122302738,234.1802227678128,11657.282523386868,0.5182799385441055,402.2657341232699,10429.286011156593,True,1.1151258102394177,0.7493990920243523,1.1573824271313415,0.9061328744199536,703.6611459186946,924.5582258170384,271.78656817400775,4653.651255808002,128,0.0700460624743789
test/geometry/477.json|64,raw_core_output,0,0.9995608425743137,1.1147247827751166,1.3958137816050165,1.0008803391568255,0.8966884544228055,-0.3962529390307028,-0.11384444361829105,False,1.0,1.0,1.0,1.0,0.9882229213413286,1.011515661085973,1.5524659954800217,0.5657349834682595,128,0.04753748407038369
test/geometry/477.json|64,rms_normalized_core,1,1852.8229183243957,9592.121058499417,1182.260927443905,24344.672987411355,0.19316091894843634,670.5619908804906,14752.551928911938,True,1853.6369567566285,8604.92312246898,847.0047674150354,24323.260268950613,1554.1184168056384,7987.815837840377,1376.934319789092,11206.347773580766,128,0.04753748407038369
test/geometry/477.json|64,learned_norm_weight,2,1724.823036674426,5792.640985743218,1078.4333239198759,19857.87872144125,0.2977610801220964,646.3897127545501,14065.237735698032,True,0.9309162897414247,0.6038957338440235,0.9121787744871943,0.8156970821382473,1460.895402617608,4858.8764440119085,1223.5213596595484,9198.844684279044,128,0.04753748407038369
test/geometry/477.json|64,dynamic_silu_z_gate,3,1106.9722106919974,1952.7036517620195,292.9795150351618,15387.365750145163,0.5668920676689071,813.9926956568356,13434.662098383144,True,0.6417888601640624,0.3371007553494151,0.2716714223650316,0.7748745959220147,942.0573884150092,1766.7501192979269,328.31296039837537,7602.619827722492,128,0.04753748407038369
test/geometry/477.json|64,head_merge_flatten,4,1106.9722106919974,1952.7036517620195,292.9795150351618,15387.365750145163,0.5668920676689071,813.9926956568356,13434.662098383144,True,0.9999999999999992,0.9999999999999996,0.9999999999999966,0.9999999999999999,942.0573884150092,1766.7501192979269,328.31296039837537,7602.619827722492,128,0.04753748407038369
test/geometry/477.json|64,out_proj_hidden_contribution,5,1169.8744916787023,1481.9024630875576,311.2348235319027,14279.857331536878,0.7894409523021219,858.6396681467995,12797.95486844932,True,1.0568237218415646,0.7588977783445862,1.0623091634735926,0.9280248200639646,1012.2253663902757,1343.145266972435,343.1361811074653,7077.484394299843,128,0.04753748407038369
test/geometry/477.json|128,raw_core_output,0,1.0002498879992456,0.9767153862660639,1.4339557883302714,1.000172030123188,1.024095557480802,-0.43370590033102574,0.023456643857124093,False,1.0,1.0,1.0,1.0,1.1270250544186173,0.8723183603045899,1.6354753741864616,0.41752692457096213,128,0.05274429310748238
test/geometry/477.json|128,rms_normalized_core,1,1474.3248751479582,9932.221881302778,1033.0046306788431,25337.16363974542,0.14843857625888796,441.3202444691151,15404.941758442643,True,1473.9565510929565,10169.003192693643,720.3880615322005,25332.805634046163,1504.3861343453264,6999.9859789906795,1323.8515334743956,9931.927854015104,128,0.05274429310748238
test/geometry/477.json|128,learned_norm_weight,2,1381.5994389477519,6144.420268365435,961.0638003353669,21012.562268379268,0.22485431962734065,420.535638612385,14868.142000013833,True,0.9371065104013105,0.6186350186086952,0.9303576884295273,0.8293178576396641,1408.5252513606486,4368.712534231956,1181.089696423884,8312.461274739386,128,0.05274429310748238
test/geometry/477.json|128,dynamic_silu_z_gate,3,925.4717973489576,2515.419000582248,254.4057867241183,19178.485664348304,0.3679195383094176,671.0660106248392,16663.066663766054,True,0.6698553656433235,0.4093826416029661,0.26471269299222605,0.9127152328875678,951.6646312648198,1898.8600151413095,312.3033066528407,7390.3544873496285,128,0.05274429310748238
test/geometry/477.json|128,head_merge_flatten,4,925.4717973489576,2515.419000582248,254.4057867241183,19178.485664348304,0.3679195383094176,671.0660106248392,16663.066663766054,True,0.9999999999999989,0.9999999999999997,0.9999999999999961,1.0,951.6646312648198,1898.8600151413095,312.3033066528407,7390.3544873496285,128,0.05274429310748238
test/geometry/477.json|128,out_proj_hidden_contribution,5,983.5596022192018,1869.68507573677,268.04461899472903,17990.422467498018,0.5260562941765039,715.5149832244728,16120.737391761248,True,1.0627656132111616,0.7432897164663185,1.0536105426147395,0.9380522937189547,1011.4218685894332,1417.6347768353003,318.12475578991325,6946.853120814251,128,0.05274429310748238
test/geometry/477.json|256,raw_core_output,0,1.0013709729924465,0.9847676965496858,1.4301613326667173,1.0003549158063707,1.0168600945176376,-0.4287903596742708,0.015587219256684937,False,1.0,1.0,1.0,1.0,1.2517162213261799,0.7462520629302491,1.678828192828983,0.3962917851378184,128,0.07827374459154543
test/geometry/477.json|256,rms_normalized_core,1,970.0386055907439,10515.866554208316,728.527317641085,24488.070889598646,0.09224523728884204,241.51128794965894,13972.20433539033,True,968.7105296161728,10678.525088751292,509.4021919066599,24479.382769699,1102.048277088053,6689.610952613751,932.9291499159821,9406.597286206748,128,0.07827374459154543
test/geometry/477.json|256,learned_norm_weight,2,908.7159882629469,5604.611644037348,676.8301843600073,19854.805104754618,0.162137190938058,231.88580390293964,14250.19346071727,True,0.9367833228756364,0.5329671706222301,0.92903885409751,0.8107949864351293,1024.5987193616802,3579.814897531503,833.8478095780994,7667.409114087959,128,0.07827374459154543
test/geometry/477.json|256,dynamic_silu_z_gate,3,617.1600505494349,1911.829605876981,183.740651452337,16452.71174118402,0.32281122159227954,433.4193990970979,14540.882135307038,True,0.6791561483683857,0.34111723118424164,0.2714723067885588,0.8286513846083585,703.5859657654889,1251.0779705310197,228.85030970996021,6202.461068962838,128,0.07827374459154543
test/geometry/477.json|256,head_merge_flatten,4,617.1600505494349,1911.829605876981,183.740651452337,16452.71174118402,0.32281122159227954,433.4193990970979,14540.882135307038,True,0.9999999999999983,0.9999999999999996,0.9999999999999946,1.0,703.5859657654889,1251.0779705310197,228.85030970996021,6202.461068962838,128,0.07827374459154543
test/geometry/477.json|256,out_proj_hidden_contribution,5,675.3136327160992,1442.8784608987078,192.483004567058,15503.382347086617,0.4680322362671313,482.83062814904116,14060.50388618791,True,1.0942277163191154,0.754710805012793,1.0475798526108293,0.9422995182173487,770.4622448722075,956.9663014681751,231.99841041730025,5870.031383934909,128,0.07827374459154543
