unit_id,branch,future_KL_AUC,future_KL_sum,future_KL_peak,top1_divergence_rate
test/algebra/1332.json|128,CLEAN,0.0,0.0,0.0,0.0
test/algebra/1332.json|128,REAL_C_TANGENT,0.00011701105367765644,0.014977414870740025,0.0024082071613520384,0.0
test/algebra/1332.json|128,REAL_R_TANGENT,0.00014332252555595735,0.01834528327116254,0.0029134221840649843,0.0
test/algebra/1332.json|128,TANGENT_HIGH,0.00013244004942424052,0.016952326326302787,0.0019555159378796816,0.0
test/algebra/1332.json|128,TANGENT_LOW,0.00010325496914424535,0.013216636050463405,0.001958440989255905,0.0
test/algebra/1332.json|128,TANGENT_RANDOM,0.00010910715334648626,0.013965715628350242,0.0019426228245720267,0.0
test/algebra/1332.json|128,ZERO,0.0,0.0,0.0,0.0
test/algebra/1332.json|256,CLEAN,0.0,0.0,0.0,0.0
test/algebra/1332.json|256,REAL_C_TANGENT,0.00012183792469942919,0.015595254361526936,0.0022713113576173782,0.0
test/algebra/1332.json|256,REAL_R_TANGENT,6.108797889827751e-05,0.007819261298979521,0.0018156968289986253,0.0
test/algebra/1332.json|256,TANGENT_HIGH,0.09097005603579653,11.644167172581955,4.914397239685059,0.03125
test/algebra/1332.json|256,TANGENT_LOW,8.661624222456349e-05,0.011086879004744126,0.0018537275027483702,0.0
test/algebra/1332.json|256,TANGENT_RANDOM,0.00012282139916725606,0.015721139093408776,0.0022713690996170044,0.0
test/algebra/1332.json|256,ZERO,0.0,0.0,0.0,0.0
test/algebra/1332.json|64,CLEAN,0.0,0.0,0.0,0.0
test/algebra/1332.json|64,REAL_C_TANGENT,0.00010995764546191018,0.014074578619124502,0.0024327535647898912,0.0
test/algebra/1332.json|64,REAL_R_TANGENT,0.00015907305872120495,0.020361351516314234,0.0024544543121010065,0.0
test/algebra/1332.json|64,TANGENT_HIGH,0.001469957981868815,0.18815462167920832,0.06841740757226944,0.0
test/algebra/1332.json|64,TANGENT_LOW,0.00014701220461044246,0.018817562190136635,0.0019180526724085212,0.0
test/algebra/1332.json|64,TANGENT_RANDOM,0.00014716189130635786,0.018836722087213806,0.002409622771665454,0.0
test/algebra/1332.json|64,ZERO,0.0,0.0,0.0,0.0
test/counting_and_probability/119.json|128,CLEAN,0.0,0.0,0.0,0.0
test/counting_and_probability/119.json|128,REAL_C_TANGENT,8.512277835716228e-05,0.010895715629716772,0.0019496706081554294,0.0
test/counting_and_probability/119.json|128,REAL_R_TANGENT,0.00014578827629324256,0.01866089936553505,0.0066700587049126625,0.0078125
test/counting_and_probability/119.json|128,TANGENT_HIGH,0.00028911794882730934,0.037007097449895596,0.012884766794741154,0.0078125
test/counting_and_probability/119.json|128,TANGENT_LOW,8.556321031781543e-05,0.010952090920680375,0.0021995517890900373,0.0
test/counting_and_probability/119.json|128,TANGENT_RANDOM,0.00011509481347408686,0.014732136124683118,0.002017320366576314,0.0078125
test/counting_and_probability/119.json|128,ZERO,0.0,0.0,0.0,0.0
test/counting_and_probability/119.json|256,CLEAN,0.0,0.0,0.0,0.0
test/counting_and_probability/119.json|256,REAL_C_TANGENT,9.047149221540405e-05,0.011580351003571718,0.002386245643720031,0.0
test/counting_and_probability/119.json|256,REAL_R_TANGENT,9.573611255867404e-05,0.012254222407510278,0.0023858482018113136,0.0
test/counting_and_probability/119.json|256,TANGENT_HIGH,0.00010077870648646172,0.0128996744302671,0.0019394831033423543,0.0
test/counting_and_probability/119.json|256,TANGENT_LOW,6.050928689479541e-05,0.007745188722533812,0.0023858249187469482,0.0
test/counting_and_probability/119.json|256,TANGENT_RANDOM,6.460947320513174e-05,0.008270012570256863,0.001163039356470108,0.0
test/counting_and_probability/119.json|256,ZERO,0.0,0.0,0.0,0.0
test/counting_and_probability/119.json|64,CLEAN,0.0,0.0,0.0,0.0
test/counting_and_probability/119.json|64,REAL_C_TANGENT,0.00020816571299305992,0.02664521126311167,0.001976066967472434,0.0
test/counting_and_probability/119.json|64,REAL_R_TANGENT,0.00017404308829733524,0.02227751530205891,0.0025705036241561174,0.0078125
test/counting_and_probability/119.json|64,TANGENT_HIGH,0.08690912124448706,11.124367519294344,10.00572681427002,0.015625
test/counting_and_probability/119.json|64,TANGENT_LOW,0.00011488608869038388,0.014705419352369136,0.0019992126617580652,0.0
test/counting_and_probability/119.json|64,TANGENT_RANDOM,0.00019658293100223624,0.02516261516828624,0.003819309175014496,0.0
test/counting_and_probability/119.json|64,ZERO,0.0,0.0,0.0,0.0
test/geometry/477.json|128,CLEAN,0.0,0.0,0.0,0.0
test/geometry/477.json|128,REAL_C_TANGENT,0.00031311783343799133,0.04007908268006289,0.002190016210079193,0.0
test/geometry/477.json|128,REAL_R_TANGENT,0.00027681617252688496,0.035432470083441275,0.005795432720333338,0.0
test/geometry/477.json|128,TANGENT_HIGH,0.00035698103619110223,0.045693572632461085,0.007338119670748711,0.0
test/geometry/477.json|128,TANGENT_LOW,0.00023600296155590269,0.030208379079155544,0.0021442475263029337,0.0
test/geometry/477.json|128,TANGENT_RANDOM,0.0002919760252217858,0.037372931228388584,0.0021327980794012547,0.0
test/geometry/477.json|128,ZERO,0.0,0.0,0.0,0.0
test/geometry/477.json|256,CLEAN,0.0,0.0,0.0,0.0
test/geometry/477.json|256,REAL_C_TANGENT,0.0004479085816030895,0.057332298445195454,0.0056677344255149364,0.0078125
test/geometry/477.json|256,REAL_R_TANGENT,0.0004773730824764418,0.06110375455698455,0.005484052002429962,0.0
test/geometry/477.json|256,TANGENT_HIGH,0.06195780321758637,7.9305988118510555,7.031223297119141,0.0390625
test/geometry/477.json|256,TANGENT_LOW,0.00036983316874853725,0.04733864559981277,0.003344691824167967,0.0
test/geometry/477.json|256,TANGENT_RANDOM,0.00042863537537403493,0.05486532804787647,0.0026186848990619183,0.0078125
test/geometry/477.json|256,ZERO,0.0,0.0,0.0,0.0
test/geometry/477.json|64,CLEAN,0.0,0.0,0.0,0.0
test/geometry/477.json|64,REAL_C_TANGENT,0.0001747167167256438,0.022363739740882408,0.003916668239980936,0.0
test/geometry/477.json|64,REAL_R_TANGENT,0.00014568066667447965,0.018647125334333395,0.003761945990845561,0.0
test/geometry/477.json|64,TANGENT_HIGH,0.0002449122232490439,0.03134876457587762,0.002177645219489932,0.0
test/geometry/477.json|64,TANGENT_LOW,0.0002491921336884189,0.03189659311211762,0.0025486305821686983,0.0
test/geometry/477.json|64,TANGENT_RANDOM,0.00024240636714663506,0.031028014994769287,0.0019361174199730158,0.0
test/geometry/477.json|64,ZERO,0.0,0.0,0.0,0.0
