unit_id,prompt_id,t0,horizon,branch,new_KL,top1_agreement,logit_relative_L2,state_error_norm,relative_state_error,raw_norm,functional_diag,static_column_orientation,toxicity,toxicity_sq,static_column_toxicity,high_sensitivity_state_fraction,low_sensitivity_state_fraction,cosine_to_initial
test/algebra/1332.json|64,test/algebra/1332.json,64,0,REAL_R,0.0,1,0.0,4.555059195627039,0.021314590283221503,4.555059195627039,1.866055571409102,688.235681072263,0.40966659076574646,0.16782671558969517,151.092587717155,0.02884965711847188,0.497002073238763,1.0000454353805648
test/algebra/1332.json|64,test/algebra/1332.json,64,0,REAL_C,0.0,1,0.0,2.244530007461134,0.010502879421053157,2.244530007461134,0.8315982464430148,221.30894596680216,0.3704999459478352,0.13727020994744388,98.59923691420539,0.006592678345137008,0.9180075211575975,1.0000642054630717
test/algebra/1332.json|64,test/algebra/1332.json,64,1,REAL_R,0.0015356484800577164,1,0.028771951227510122,4.480218628575263,0.021042115145187952,4.480218628575263,2.250701912411538,615.3324938741919,0.502364303843532,0.2523698937762967,137.3443005547553,0.022499061945743425,0.5104828647328946,0.7758218489306435
test/algebra/1332.json|64,test/algebra/1332.json,64,1,REAL_C,5.362617230275646e-07,1,0.007556890803566067,2.179892209099312,0.010238237610862452,2.179892209099312,0.8518889275289171,220.93670522241476,0.3907940603542548,0.15271999760827293,101.35212388029042,0.006916585532140443,0.9538603407914584,0.9747656591248646
test/algebra/1332.json|64,test/algebra/1332.json,64,2,REAL_R,0.0005629106890410185,1,0.04523521205620414,4.5205697024059,0.02102663221332328,4.5205697024059,2.756165925739536,669.3232646011332,0.6096943764127921,0.3717272326295297,148.06170652445942,0.024089328637822868,0.5191192116215995,0.6377018377642164
test/algebra/1332.json|64,test/algebra/1332.json,64,2,REAL_C,6.498785296571441e-07,1,0.010193342383238208,2.163334357390421,0.01006236799381401,2.163334357390421,1.026576490944583,227.20861759304904,0.47453436286309586,0.22518286153804443,105.02704624310611,0.0073382180690960055,0.9593501920584835,0.954411023942558
test/algebra/1332.json|64,test/algebra/1332.json,64,4,REAL_R,6.62714501231676e-06,1,0.02154343821918288,4.455633315557198,0.02012961699449765,4.455633315557198,3.3527403111578136,698.8150677051294,0.7524722241955373,0.5662144481860046,156.83854981176395,0.02548188582738729,0.5213021768853332,0.5804000699595627
test/algebra/1332.json|64,test/algebra/1332.json,64,4,REAL_C,6.195047262735898e-06,1,0.008313899099959715,2.1479959880165134,0.009704195449279878,2.1479959880165134,1.0953754213057265,233.81176007948224,0.5099522659335598,0.2600513135309579,108.85111582320883,0.007898474289143614,0.9575194331472491,0.9248911429131995
test/algebra/1332.json|64,test/algebra/1332.json,64,8,REAL_R,1.1903737686225213e-05,1,0.03866777439532257,4.234653908308122,0.019805728472121403,4.234653908308122,3.5524111876910003,692.5754086336473,0.8388905597977101,0.7037373713180085,163.54947148684212,0.023928018149059833,0.5238603745054018,0.5623803328309965
test/algebra/1332.json|64,test/algebra/1332.json,64,8,REAL_C,0.00013242413115222007,1,0.009497962675425823,2.1035938402089815,0.009838633644432113,2.1035938402089815,0.952870761625457,235.3724329880496,0.45297278562592724,0.20518434451786097,111.89062664518671,0.0078110338139785055,0.959973455417167,0.9126223488357326
test/algebra/1332.json|64,test/algebra/1332.json,64,16,REAL_R,-1.2447299013729207e-07,1,0.014022548409960143,3.8796385703448673,0.018913264615888492,3.8796385703448673,2.021944366848163,1765.5684826988013,0.5211682300261047,0.2716163239886647,455.0858155174496,0.06565750248993756,0.497252012801529,0.43835887986926875
test/algebra/1332.json|64,test/algebra/1332.json,64,16,REAL_C,-4.149629262428789e-08,1,0.006736429175142133,1.913526911466482,0.009328456805957655,1.913526911466482,0.939414642548962,288.68818825779283,0.49093359331357705,0.24101579304396675,150.86706464786437,0.011133113598831712,0.9514146510785182,0.8390878816231351
test/algebra/1332.json|64,test/algebra/1332.json,64,32,REAL_R,5.984809092751675e-08,1,0.02967384063422706,4.262213311416411,0.020140945239660465,4.262213311416411,2.509144070299446,2559.680012294382,0.5886950950057033,0.34656191488391763,600.5518319408451,0.1258364378499057,0.4274292718495919,0.34546867288365884
test/algebra/1332.json|64,test/algebra/1332.json,64,32,REAL_C,-8.074886315156959e-10,1,0.009436966229699906,1.8301937596540956,0.008648518879246706,1.8301937596540956,0.8756264581692909,307.11216985627004,0.4784337470008119,0.22889885026941875,167.803090921994,0.01307253913252469,0.945606815887645,0.8056603558427793
test/algebra/1332.json|128,test/algebra/1332.json,128,0,REAL_R,0.0,1,0.0,4.7130240167533,0.02063988993448973,4.7130240167533,1.6490354475926556,651.9762901311741,0.349889039760992,0.1224223401449155,138.33502392804866,0.023778480433283674,0.586897220493732,1.000047869111766
test/algebra/1332.json|128,test/algebra/1332.json,128,0,REAL_C,0.0,1,0.0,2.4182211776967217,0.010590189816027214,2.4182211776967217,0.8161043179008891,216.60792732809756,0.3374812549933356,0.1138935974719515,89.57324885158772,0.006493998515767794,0.9484860972633923,1.000065626401423
test/algebra/1332.json|128,test/algebra/1332.json,128,1,REAL_R,2.894802264563623e-08,1,0.012861662179002968,4.618455228021935,0.020089269301997267,4.618455228021935,1.6228208786827398,582.1539856446086,0.35137741919335136,0.12346609071902785,126.04950289705779,0.01719431103862777,0.5912415632670276,0.906591696514667
test/algebra/1332.json|128,test/algebra/1332.json,128,1,REAL_C,-2.5000474579428555e-08,1,0.00621968961496633,2.356098662438896,0.010248513451993074,2.356098662438896,0.888294669147866,215.1370404817764,0.37701930029873115,0.14214355279783988,91.31070948403654,0.0065420063862283995,0.9636545432737341,0.9843436235301333
test/algebra/1332.json|128,test/algebra/1332.json,128,2,REAL_R,-1.4977662166071326e-10,1,0.012718943926968356,4.509161534487882,0.01991706254782394,4.509161534487882,1.612861486616344,566.3651873872458,0.3576854531114427,0.1279388833675885,125.60321537725612,0.015028385164891741,0.5959543233246918,0.8364052344070685
test/algebra/1332.json|128,test/algebra/1332.json,128,2,REAL_C,-1.057946369398266e-10,1,0.0069188523911548816,2.304083232696041,0.010177184718269658,2.304083232696041,0.8761010802589425,215.1212332628741,0.3802384687437805,0.14458129311271314,93.36521797915447,0.006765126644162294,0.9687753546936846,0.9698478445538748
test/algebra/1332.json|128,test/algebra/1332.json,128,4,REAL_R,0.001941045979037881,1,0.03065527646220152,4.367091668042717,0.019243553866217955,4.367091668042717,1.9522760233885779,582.9127732054336,0.4470426022138252,0.1998470881941894,133.47848351132853,0.0158710193871897,0.5960420730851045,0.7420615908043618
test/algebra/1332.json|128,test/algebra/1332.json,128,4,REAL_C,4.4187197545397794e-07,1,0.008503704020358818,2.271945133929143,0.010011307728159549,2.271945133929143,0.8884590520591654,219.2305680224317,0.3910565615298364,0.15292523431564378,96.49465770469284,0.007110960149498756,0.9690277011788015,0.9446018745673794
test/algebra/1332.json|128,test/algebra/1332.json,128,8,REAL_R,3.055087654502131e-05,1,0.016550181448163063,4.182796911772306,0.018403535036617284,4.182796911772306,2.4129213469547297,621.4961872487571,0.5768679182494103,0.3327765951055485,148.58387828953244,0.017579468038681854,0.588412115432242,0.6783412288339216
test/algebra/1332.json|128,test/algebra/1332.json,128,8,REAL_C,4.353927707256844e-08,1,0.009062513980292093,2.2318695250579466,0.009819814317534863,2.2318695250579466,1.001050855933197,224.18178422555155,0.44852570667488184,0.20117530954834206,100.44573919240669,0.007466805528243339,0.9678200174688282,0.9239029666752478
test/algebra/1332.json|128,test/algebra/1332.json,128,16,REAL_R,0.006671106442809105,1,0.013169221356565982,3.8410737766767515,0.017038023690764164,3.8410737766767515,1.9199661436272661,709.4162597811775,0.49985141011477696,0.24985143219384415,184.6921723005203,0.023034436586392933,0.5851255995840137,0.5387740422704405
test/algebra/1332.json|128,test/algebra/1332.json,128,16,REAL_C,1.1126276149298064e-06,1,0.009760261572446706,2.1447552549534707,0.009513587337654365,2.1447552549534707,1.044615339420416,249.5330900516857,0.48705573142078223,0.23722328551000285,116.34571799055124,0.008933149716300777,0.9644163383163395,0.8499954841242544
test/algebra/1332.json|128,test/algebra/1332.json,128,32,REAL_R,0.00014358949556481093,1,0.011236678170856435,3.491174034261627,0.014907089672380918,3.491174034261627,1.8496145381211024,702.2291460514543,0.5297972888114014,0.2806851672320493,201.14412491606785,0.026391080576008835,0.5708301187002891,0.5163613370771872
test/algebra/1332.json|128,test/algebra/1332.json,128,32,REAL_C,0.00013255246449261904,1,0.008054845227370716,2.0563776975750034,0.008780601149411947,2.0563776975750034,1.074025318325437,272.7697973592302,0.522289907924729,0.2727867479202226,132.64576720549104,0.011169133052117593,0.9577807605181985,0.7965637101723169
test/algebra/1332.json|256,test/algebra/1332.json,256,0,REAL_R,0.0,1,0.0,4.853950648148131,0.020062606759082117,4.853950648148131,1.6404052657741086,542.200896914703,0.3379526049362728,0.1142119631832547,111.70300981973325,0.021230597603931978,0.5821157401352213,1.0000493968740916
test/algebra/1332.json|256,test/algebra/1332.json,256,0,REAL_C,0.0,1,0.0,2.624078011782845,0.010845978682465302,2.624078011782845,0.6604752109022742,188.58495918862835,0.2516980089525936,0.06335188771073899,71.86713136642936,0.005420718285380674,0.935814806132877,1.0000693227369422
test/algebra/1332.json|256,test/algebra/1332.json,256,1,REAL_R,7.060964435368078e-08,1,0.024311771007215894,4.787876362050508,0.019791442632707035,4.787876362050508,2.627153879213246,471.6909722820044,0.548709632528515,0.30108226082969064,98.51778463216088,0.014075317353225154,0.5908846143388689,0.8545659295599277
test/algebra/1332.json|256,test/algebra/1332.json,256,1,REAL_C,5.02222974319011e-09,1,0.009586353300636246,2.535885798768108,0.010482484198468537,2.535885798768108,0.9236715691898323,189.6828718945105,0.3642402073619295,0.13267092865914543,74.79945350322184,0.005795361827106912,0.9508817200926838,0.9866643015519984
test/algebra/1332.json|256,test/algebra/1332.json,256,2,REAL_R,6.78070364301675e-08,1,0.015927022747727466,4.7430512901993005,0.019588619908837,4.7430512901993005,2.3333562549171667,467.56721505707156,0.4919525664287363,0.24201732761591147,98.5794136409868,0.012852331555524456,0.5930309974029957,0.7899701681511401
test/algebra/1332.json|256,test/algebra/1332.json,256,2,REAL_C,-1.3602538651014129e-08,1,0.005951000350018335,2.4990273097802884,0.010320886939224427,2.4990273097802884,0.8367212089905376,190.3514617580971,0.3348187535668693,0.11210359774014374,76.17022071469735,0.005990859387885103,0.9557537231794575,0.9769852457814805
test/algebra/1332.json|256,test/algebra/1332.json,256,4,REAL_R,-7.72130519521852e-08,1,0.03783561809841662,4.7581380277540575,0.019642073603210488,4.7581380277540575,6.733030912081571,809.3254836604524,1.4150558207447146,2.0023829758242515,170.0928974610476,0.023715838023535087,0.5741143812194744,0.6393657036944417
test/algebra/1332.json|256,test/algebra/1332.json,256,4,REAL_C,-1.7637130156344938e-07,1,0.02243839206342728,2.4893273241521174,0.010276194225193306,2.4893273241521174,1.6141271738739214,216.89982311390037,0.6484190159375911,0.42044722022974407,87.13190146164922,0.007374227265295337,0.9523045531684752,0.9337966474973068
test/algebra/1332.json|256,test/algebra/1332.json,256,8,REAL_R,0.0006018857238814235,1,0.038072159173231826,4.60675429478723,0.019244850799320423,4.60675429478723,3.3437848516156587,690.4880210134,0.7258439755292768,0.5268494768123494,149.88601015569063,0.019231788628114505,0.5844359527078513,0.6597140249952558
test/algebra/1332.json|256,test/algebra/1332.json,256,8,REAL_C,3.2933636248344555e-05,1,0.005863406635531992,2.4552457977294666,0.010256861128111108,2.4552457977294666,0.958789254603194,219.61927837827437,0.3905064232222539,0.152495266577937,89.4489987850837,0.007492783583083137,0.956188604903884,0.9212738349597059
test/algebra/1332.json|256,test/algebra/1332.json,256,16,REAL_R,0.017475860193371773,0,0.02256211072169947,4.262751476431974,0.018108216036317345,4.262751476431974,3.3002396833318843,761.6995306193394,0.7742041030488342,0.5993919931778982,178.68729500897896,0.0269504468744543,0.5864654734401646,0.5304843552032403
test/algebra/1332.json|256,test/algebra/1332.json,256,16,REAL_C,7.926536937929995e-08,1,0.007681831959706009,2.3505873833631514,0.009985321543025947,2.3505873833631514,0.8934861352597477,231.17627990327227,0.38011185696955196,0.14448502380893793,98.34830287075467,0.008442550211549516,0.9538490793137812,0.8686976568869045
test/algebra/1332.json|256,test/algebra/1332.json,256,32,REAL_R,8.837545095730093e-08,1,0.054713108635080714,4.241364352483945,0.017851459910765477,4.241364352483945,4.1022531767857116,871.8632263471334,0.9672013144502121,0.935478382674607,205.5619734334597,0.03300609038870207,0.5790595400059304,0.41917667319306345
test/algebra/1332.json|256,test/algebra/1332.json,256,32,REAL_C,1.1346439521275897e-07,1,0.027088777365033515,2.330901052428404,0.009810519265815474,2.330901052428404,1.9711520320205504,275.0048988221526,0.8456609644438138,0.7151424667845233,117.98222774644427,0.011914548014990796,0.9375971515373195,0.7487520439579883
test/counting_and_probability/119.json|64,test/counting_and_probability/119.json,64,0,REAL_R,0.0,1,0.0,4.139336953340588,0.020069611442377202,4.139336953340588,1.6415495179159498,549.5270169050925,0.3965730590235632,0.15727019114337334,132.75725631890694,0.018261523909021398,0.5258831055472962,1.0000464387567585
test/counting_and_probability/119.json|64,test/counting_and_probability/119.json,64,0,REAL_C,0.0,1,0.0,2.162160644121306,0.010483254804490945,2.162160644121306,0.8741157288500724,155.6392710855412,0.40427880843465513,0.1634413549494608,71.98321341600426,0.00616575269925104,0.9697227357897742,1.0000663675588994
test/counting_and_probability/119.json|64,test/counting_and_probability/119.json,64,1,REAL_R,0.015151944942772388,1,0.052920989941365605,4.050532102952469,0.01966064881666159,4.050532102952469,2.213989660461142,472.9245582917634,0.5465923005144925,0.29876314298185463,116.75615604846772,0.016551629529783927,0.5340240924588597,0.7651861835329546
test/counting_and_probability/119.json|64,test/counting_and_probability/119.json,64,1,REAL_C,1.0241674317512661e-05,1,0.01055504154453286,2.0833548080730244,0.010112278140487011,2.0833548080730244,0.9119896373195353,154.65816932632143,0.43775051363556844,0.19162551218834384,74.23515606988543,0.006550494642614613,0.9692240431495172,0.9820673813699808
test/counting_and_probability/119.json|64,test/counting_and_probability/119.json,64,2,REAL_R,4.3319778342265636e-06,1,0.17811949749806782,4.244733209358887,0.020614682710252137,4.244733209358887,6.266474865611241,696.8340048196667,1.476294164211144,2.179444459284787,164.16438217674238,0.036164566212809716,0.5323765687607109,0.5208993738555147
test/counting_and_probability/119.json|64,test/counting_and_probability/119.json,64,2,REAL_C,-4.007672416150854e-08,1,0.010585190423272908,2.0620452931078095,0.010014388974520902,2.0620452931078095,0.9334386558436628,158.85263628283346,0.4526761167483276,0.20491566667449598,77.03644377439538,0.00685407109060423,0.9688974592812154,0.9541879508224302
test/counting_and_probability/119.json|64,test/counting_and_probability/119.json,64,4,REAL_R,1.2107236670999555e-06,1,0.033602498165145045,3.8890180211995196,0.019186024508429184,3.8890180211995196,2.873501301517965,615.7923196984212,0.7388757999714617,0.5459374477837121,158.3413386982273,0.025727084143956414,0.5383410773265233,0.5350447844325649
test/counting_and_probability/119.json|64,test/counting_and_probability/119.json,64,4,REAL_C,-2.99147231430652e-08,1,0.013111034741298225,2.0031278234694327,0.009882201446509895,2.0031278234694327,0.9916821170289164,167.96155514296225,0.49506681770852756,0.2450911539962321,83.849644129034,0.0076592607254175995,0.9659250481033425,0.9184070379998094
test/counting_and_probability/119.json|64,test/counting_and_probability/119.json,64,8,REAL_R,0.014549368061125278,1,0.019689532925234933,3.580252135575558,0.01705697052196011,3.580252135575558,2.078678328768711,557.1046741099268,0.5805955139620255,0.3370911508329905,155.604871672037,0.0312777087503045,0.5280365981179075,0.5614040974582679
test/counting_and_probability/119.json|64,test/counting_and_probability/119.json,64,8,REAL_C,0.0010915376478806138,1,0.009375469604640191,1.966478336915271,0.009368659456003568,1.966478336915271,1.0072956887794324,175.99348894004387,0.5122333004486697,0.262382954088736,89.49678500706379,0.00853406609249397,0.9633587099436853,0.8891053434461106
test/counting_and_probability/119.json|64,test/counting_and_probability/119.json,64,16,REAL_R,0.01280418410897255,1,0.05056987411286779,3.2632987037267163,0.016498400367491114,3.2632987037267163,2.9006550934391204,695.6009299083564,0.8888720760148795,0.7900935675194118,213.1588288604291,0.05068669515102205,0.5140227100693834,0.49701138222631164
test/counting_and_probability/119.json|64,test/counting_and_probability/119.json,64,16,REAL_C,-3.913565649327211e-08,1,0.010923189237628781,1.8049398906474359,0.009125312654079006,1.8049398906474359,1.1044828581663808,194.86027863247435,0.6119222384572532,0.3744488259188355,107.95942825689866,0.01160786570487983,0.9520992843058631,0.8503668021608849
test/counting_and_probability/119.json|64,test/counting_and_probability/119.json,64,32,REAL_R,0.0037169288843870163,1,0.018934563629975688,2.755766828291635,0.013184866569974286,2.755766828291635,1.5686672124075427,540.1590163312295,0.5692307477913243,0.3240236442312627,196.01042105071377,0.03603365396658001,0.5286595602216881,0.4921695144281974
test/counting_and_probability/119.json|64,test/counting_and_probability/119.json,64,32,REAL_C,0.0009570471593178809,1,0.009364615723605382,1.670523686933621,0.007992560070060608,1.670523686933621,1.0529344294521958,200.56067319809213,0.6303020051061414,0.3972806176411556,120.05856293251196,0.012795368271234515,0.950274422813502,0.8048606637142554
test/counting_and_probability/119.json|128,test/counting_and_probability/119.json,128,0,REAL_R,0.0,1,0.0,4.544198105376171,0.019541179042337396,4.544198105376171,1.3740854851466566,480.6393808699521,0.3023823903101176,0.09143510996969617,105.76990037058668,0.027927617112278452,0.5623759802443737,1.0000459486282163
test/counting_and_probability/119.json|128,test/counting_and_probability/119.json,128,0,REAL_C,0.0,1,0.0,2.424681462237953,0.01042673173032936,2.424681462237953,0.7181671423175933,200.39413031826246,0.2961903052017551,0.08772869689556627,82.64761101164123,0.0057034837074140445,0.9325449376679841,1.0000631816759653
test/counting_and_probability/119.json|128,test/counting_and_probability/119.json,128,1,REAL_R,1.2860490450350426e-08,1,0.03980536995454294,4.512580442863879,0.01926572898594231,4.512580442863879,2.0587382610153258,459.01875347636883,0.45622195262369775,0.20813847005586153,101.7197940930121,0.02016163712573884,0.5723752771242038,0.8250726830622206
test/counting_and_probability/119.json|128,test/counting_and_probability/119.json,128,1,REAL_C,-1.6518061363157699e-09,1,0.0141208995070026,2.3608160575257555,0.010079120566565816,2.3608160575257555,0.8935492569919623,207.8774159651132,0.37849168898320046,0.14325595862945142,88.05320317199565,0.00626763439917907,0.9604556420125506,0.9728792057539365
test/counting_and_probability/119.json|128,test/counting_and_probability/119.json,128,2,REAL_R,6.513934636132035e-08,1,0.02674349513493771,4.488185226951944,0.01877119581924644,4.488185226951944,2.308831855332787,494.28485614647553,0.5144243694461484,0.2646324318801723,110.13022661768541,0.01963189238077422,0.576108408295397,0.7513673429118898
test/counting_and_probability/119.json|128,test/counting_and_probability/119.json,128,2,REAL_C,-4.4160564982576034e-08,1,0.011459522046294997,2.3427641145915423,0.009798277417166011,2.3427641145915423,1.009684597876267,226.13101103910822,0.43098005112301846,0.18574380446612426,96.523166643449,0.00702656625946554,0.9648531060288773,0.9555765628581642
test/counting_and_probability/119.json|128,test/counting_and_probability/119.json,128,4,REAL_R,2.3669452176022787e-08,1,0.01861436502564955,4.4274677797982305,0.01838680957120098,4.4274677797982305,2.958061914998637,882.3130665822665,0.6681159665339844,0.44637894473781925,199.28164595751755,0.026855156139775637,0.5685122922729408,0.6773483513688365
test/counting_and_probability/119.json|128,test/counting_and_probability/119.json,128,4,REAL_C,3.2270168759396256e-09,1,0.00822455732107067,2.328981249799564,0.009672014990228515,2.328981249799564,1.072358856541448,259.66471747370144,0.460441172136219,0.21200607299831822,111.49283296975325,0.008287418926335945,0.9619539588829364,0.9309467828259468
test/counting_and_probability/119.json|128,test/counting_and_probability/119.json,128,8,REAL_R,8.90646333573386e-06,1,0.020484370814314066,4.327109939447712,0.0182409474908566,4.327109939447712,2.902641004874409,911.602602062854,0.6708036184641556,0.4499774945447883,210.6723921553505,0.028672276656308292,0.5663745029760696,0.6366977695450605
test/counting_and_probability/119.json|128,test/counting_and_probability/119.json,128,8,REAL_C,-1.7434951260497655e-08,1,0.011654822015276978,2.303082328301506,0.009708651826634546,2.303082328301506,1.0995218160943814,267.65748452124666,0.4774131617365096,0.22792332699940565,116.21707189187825,0.008768456788334855,0.9605521383432303,0.9155118090369543
test/counting_and_probability/119.json|128,test/counting_and_probability/119.json,128,16,REAL_R,1.6765288819442503e-06,1,0.021142019267415674,4.14291235069667,0.017492190142604475,4.14291235069667,2.0030056131475633,898.495276449846,0.4834776706802053,0.23375065804645623,216.8752800909579,0.028778847385861697,0.5673693023323827,0.6045184009960182
test/counting_and_probability/119.json|128,test/counting_and_probability/119.json,128,16,REAL_C,3.8490361475851387e-07,1,0.011563574073368589,2.2619590192787324,0.009550435517504787,2.2619590192787324,1.0710459210891548,280.0114735215007,0.47350368064148396,0.2242057355811869,123.7915767415909,0.009897861172945627,0.9568970756397563,0.8773659247930579
test/counting_and_probability/119.json|128,test/counting_and_probability/119.json,128,32,REAL_R,6.705499799863901e-08,1,0.013619899793144328,3.7644589435119333,0.016385171907677628,3.7644589435119333,1.396644154336893,869.2443286657646,0.37100793906748436,0.13764689085116566,230.90817079136465,0.028970094152124457,0.5774298836939472,0.5366270093895372
test/counting_and_probability/119.json|128,test/counting_and_probability/119.json,128,32,REAL_C,3.677343585195558e-08,1,0.008574767971667827,2.1422868818911605,0.00932451100199868,2.1422868818911605,0.7740907748000616,285.21474821358225,0.3613385216252415,0.13056552721040857,133.13564612862132,0.009963117299646343,0.9588686640420413,0.8218568212016891
test/counting_and_probability/119.json|256,test/counting_and_probability/119.json,256,0,REAL_R,0.0,1,0.0,4.6330727259712585,0.01964714262269289,4.6330727259712585,1.6939081539584138,727.2151397192354,0.36561225220200794,0.13367231896027615,156.96173635319485,0.023391217713581075,0.5680747136375989,1.0000496160262569
test/counting_and_probability/119.json|256,test/counting_and_probability/119.json,256,0,REAL_C,0.0,1,0.0,2.5641558340532526,0.010873633624625045,2.5641558340532526,0.9930226016415881,347.3120862531031,0.3872707689811093,0.14997864850731385,135.44889964973737,0.008433081044359117,0.9324636835552675,1.0000688017348236
test/counting_and_probability/119.json|256,test/counting_and_probability/119.json,256,1,REAL_R,0.001622024574317038,1,0.02456802377940882,4.5337561951428125,0.019209064909957146,4.5337561951428125,2.1728631337857047,705.0538492525194,0.4792633393284573,0.2296933484243542,155.512078485322,0.02017893577587463,0.5745153557329595,0.8833880290552881
test/counting_and_probability/119.json|256,test/counting_and_probability/119.json,256,1,REAL_C,0.0009529736707918346,1,0.010265504290463176,2.527943100892777,0.010710638380985566,2.527943100892777,1.113994990186784,347.7423050111467,0.4406724936937549,0.19419224669839566,137.5593876650939,0.008657502454004373,0.9406028412252317,0.9868885724671134
test/counting_and_probability/119.json|256,test/counting_and_probability/119.json,256,2,REAL_R,4.068148700753227e-05,1,0.019751404314070835,4.389722161704606,0.01906884011554082,4.389722161704606,3.2318165469144584,732.775484173433,0.7362234847361617,0.5420250194772764,166.92980949134068,0.018047630701440484,0.5839915836329097,0.7569412296046564
test/counting_and_probability/119.json|256,test/counting_and_probability/119.json,256,2,REAL_C,8.573508239351213e-06,1,0.009325799866253847,2.428799158129155,0.01055064104584248,2.428799158129155,1.130493775012133,350.0194910256756,0.4654537907047282,0.21664723128154265,144.11215923474836,0.009527119143601884,0.95977938576699,0.9675622866920596
test/counting_and_probability/119.json|256,test/counting_and_probability/119.json,256,4,REAL_R,2.3016370960249333e-06,1,0.03578505556502809,4.39631389757759,0.01872030833986735,4.39631389757759,3.2813172618381414,745.7086704394327,0.7463792027328693,0.5570819142723783,169.6213436556829,0.017809327497448905,0.5980079249716114,0.6433582985922595
test/counting_and_probability/119.json|256,test/counting_and_probability/119.json,256,4,REAL_C,1.7490920933838083e-09,1,0.01571998577902069,2.40592390303558,0.010244863846482946,2.40592390303558,1.4096613915428216,360.0458825774153,0.585912708944639,0.3432937025030713,149.64973834916051,0.010143587774670145,0.9596057532969038,0.9209539286796092
test/counting_and_probability/119.json|256,test/counting_and_probability/119.json,256,8,REAL_R,-9.74994591729228e-08,1,0.019977877934958886,4.249360507641812,0.01790282532875083,4.249360507641812,3.0227627812984452,765.0498698622035,0.7113453367540283,0.5060121881219121,180.03882430925796,0.018987762686993995,0.5923715109754885,0.6265110161013923
test/counting_and_probability/119.json|256,test/counting_and_probability/119.json,256,8,REAL_C,3.612813936904047e-10,1,0.007950241313062134,2.389493340997222,0.010067086996068167,2.389493340997222,1.6258833040289156,403.069330477896,0.6804301464802137,0.46298518423939156,168.68401495921805,0.011870067231685991,0.9547098977746686,0.885675669058088
test/counting_and_probability/119.json|256,test/counting_and_probability/119.json,256,16,REAL_R,1.5255521645940462e-07,1,0.01587052071609531,4.035284671069493,0.016758462981800823,4.035284671069493,2.42548607969313,759.454577697006,0.6010693860291372,0.3612844068216008,188.20347004057473,0.02042658387077308,0.5852443622502956,0.6084942199465346
test/counting_and_probability/119.json|256,test/counting_and_probability/119.json,256,16,REAL_C,5.503250122274039e-07,1,0.009355419711284917,2.3371737707636644,0.009706239661401125,2.3371737707636644,1.3055688049447842,397.8557277877811,0.5586100705373033,0.31204521090590087,170.22941672737184,0.012167180887645256,0.953849125678344,0.8685704026353162
test/counting_and_probability/119.json|256,test/counting_and_probability/119.json,256,32,REAL_R,7.820477065934028e-08,1,0.12740725225231544,4.075694250856003,0.01701073427222549,4.075694250856003,14.799251111592401,1301.4933093377838,3.6310994399249985,13.18488314262932,319.33045739731745,0.03874141114005806,0.5520450849610051,0.4582003486849495
test/counting_and_probability/119.json|256,test/counting_and_probability/119.json,256,32,REAL_C,8.795686845530781e-09,1,0.022254824829436623,2.2654605440787527,0.009455357774062968,2.2654605440787527,2.6040196026243083,412.39671971022454,1.1494438115151906,1.3212210758314777,182.03659330458268,0.013778826847716105,0.9458699737934321,0.8164669416164664
test/geometry/477.json|64,test/geometry/477.json,64,0,REAL_R,0.0,1,0.0,4.513430130681638,0.020767956533640098,4.513430130681638,1.9228133496337094,602.1786378744063,0.4260204088598336,0.18149338876517132,133.41928875352485,0.025518034118202523,0.5720161064718027,1.000046976254043
test/geometry/477.json|64,test/geometry/477.json,64,0,REAL_C,0.0,1,0.0,2.2691080054312955,0.01044100275455354,2.2691080054312955,0.9445121186221973,210.230324900234,0.4162481981294033,0.17326256244609403,92.64888422981095,0.00593006117196258,0.9295478438905873,1.0000631857676432
test/geometry/477.json|64,test/geometry/477.json,64,1,REAL_R,0.00160515820607543,1,0.016095296117832447,4.366895287411057,0.020097752740138017,4.366895287411057,2.4672109848338017,586.9834821152654,0.5649805691347225,0.31920304349992457,134.4166606896425,0.01898554192655637,0.5786864852556152,0.8683991709559353
test/geometry/477.json|64,test/geometry/477.json,64,1,REAL_C,0.0015930638182908297,1,0.006425457849181017,2.207599293380388,0.010160029455152377,2.207599293380388,1.0441835910591126,211.32321998090148,0.47299507396549884,0.2237243399957845,95.7253522477881,0.006251712001337713,0.9546602417125657,0.9850327686858876
test/geometry/477.json|64,test/geometry/477.json,64,2,REAL_R,2.369453250139486e-05,1,0.03440951550788475,4.3068490249624265,0.02006159131263411,4.3068490249624265,2.187106472275152,613.4461895860101,0.5078205573490527,0.2578817184664085,142.4350345299646,0.01683860552491155,0.5827977966553703,0.7170883621922773
test/geometry/477.json|64,test/geometry/477.json,64,2,REAL_C,-1.442601371692831e-09,1,0.007503081329260231,2.164792751882499,0.01008374967710834,2.164792751882499,1.0067936625083955,213.47443732124097,0.46507623495709915,0.21629590432202458,98.61195125284183,0.0065286546621370544,0.9625660917737506,0.9672063928433005
test/geometry/477.json|64,test/geometry/477.json,64,4,REAL_R,7.898671901784837e-05,1,0.01686556400525221,4.243684476096296,0.019423215084178568,4.243684476096296,2.4317193780181787,611.9983693767246,0.5730207775141919,0.32835281146310563,144.21391901867992,0.01639951384858801,0.5850750140698443,0.6124812299717463
test/geometry/477.json|64,test/geometry/477.json,64,4,REAL_C,7.875456503825262e-05,1,0.008096545891640316,2.1440469506579136,0.00981323783796335,2.1440469506579136,1.1312745727525717,220.35964530850447,0.5276351678795587,0.27839887038348915,102.77743462697167,0.0068725972447645604,0.9633586521756994,0.9270221150555255
test/geometry/477.json|64,test/geometry/477.json,64,8,REAL_R,-6.551049924752306e-09,1,0.09389565606129702,4.1099281084779875,0.019097492281863408,4.1099281084779875,5.117362383016606,771.8215343670403,1.2451221159949808,1.5503290837404813,187.79441245571516,0.022456713417009062,0.5805279765855889,0.4289359214661612
test/geometry/477.json|64,test/geometry/477.json,64,8,REAL_C,-4.1134875061743514e-08,1,0.018938674310532106,2.0897313583797836,0.00971029843697316,2.0897313583797836,1.456810171772058,246.2494770211655,0.697127966199856,0.48598740125830137,117.83786276336039,0.008349120346769491,0.9578032046886251,0.851505473739016
test/geometry/477.json|64,test/geometry/477.json,64,16,REAL_R,2.6359643015894108e-05,1,0.015911095497838416,3.696134524047277,0.017212168807622046,3.696134524047277,2.139504844529902,1172.938082640966,0.5788492898755643,0.33506650038960195,317.34182698422956,0.0440145283766798,0.5562448961080442,0.40494204551013707
test/geometry/477.json|64,test/geometry/477.json,64,16,REAL_C,-7.153830949846451e-08,1,0.006964967546344395,2.021609305089151,0.009414235438636565,2.021609305089151,0.9672847960137091,294.7082222277363,0.47847266708666747,0.2289360931491994,145.77901946023846,0.010434852532647776,0.9566067848109984,0.8151496616929248
test/geometry/477.json|64,test/geometry/477.json,64,32,REAL_R,1.2427356921307364e-07,1,0.01099496948710882,3.401753273306757,0.015865376953320413,3.401753273306757,1.818938726351465,1198.0453758730514,0.5347062471061538,0.2859107706944906,352.1846764354283,0.05273200288796245,0.5454977518494866,0.39424924530913535
test/geometry/477.json|64,test/geometry/477.json,64,32,REAL_C,3.1014089074687945e-08,1,0.005748250145699353,1.9244584602742485,0.008975447791243815,1.9244584602742485,0.994072990991137,312.4791465039754,0.5165468683844484,0.26682066723798586,162.37250787906464,0.012109935670454689,0.9521436758490056,0.7761163487676326
test/geometry/477.json|128,test/geometry/477.json,128,0,REAL_R,0.0,1,0.0,4.484895627013627,0.020704858729838772,4.484895627013627,2.082087711995464,667.399183419901,0.46424440726202737,0.21552286967415654,148.81041587675824,0.02265644220509217,0.6019395367522404,1.000046442355523
test/geometry/477.json|128,test/geometry/477.json,128,0,REAL_C,0.0,1,0.0,2.2081861365556867,0.010194257750657583,2.2081861365556867,0.966537078398102,219.0112405108671,0.4377063429558805,0.19158684266394516,99.1815123214115,0.0068137924867921786,0.9384218973974594,1.0000680015039922
test/geometry/477.json|128,test/geometry/477.json,128,1,REAL_R,0.0003740715910680592,1,0.018658177617358045,4.394208900346422,0.02004891100329403,4.394208900346422,1.9447967713029544,637.6760590135415,0.4425817741958494,0.19587862685042484,145.11737458888777,0.01859170714010039,0.6041807997593303,0.8907163931380723
test/geometry/477.json|128,test/geometry/477.json,128,1,REAL_C,7.348054350586608e-05,1,0.012104540771660538,2.1685865081112827,0.009894340230533795,2.1685865081112827,1.0342886008978514,219.89263182753191,0.4769413611256771,0.22747306195257494,101.39905925124687,0.007055898180367932,0.9499788447591644,0.9767646154043038
test/geometry/477.json|128,test/geometry/477.json,128,2,REAL_R,8.449037704849616e-05,1,0.025387743587892003,4.320671758016505,0.019802283307406326,4.320671758016505,2.0546119768789564,614.1263954131998,0.4755306794751041,0.22612942712214676,142.13678562219346,0.015470229515787633,0.61080758723579,0.8119772587361073
test/geometry/477.json|128,test/geometry/477.json,128,2,REAL_C,2.0673285689554177e-05,1,0.014493654969782057,2.1355096860026976,0.009787359507112599,2.1355096860026976,1.070776162003652,222.0655660175454,0.5014147999522574,0.25141680161134267,103.98714998718151,0.00725283272667825,0.9506650858895406,0.9494686594357326
test/geometry/477.json|128,test/geometry/477.json,128,4,REAL_R,1.3574324952969619e-07,1,0.1293403894084207,4.389917405709875,0.020158629751452238,4.389917405709875,6.222787826474955,1087.891325597939,1.4175182016818098,2.009357852100043,247.81589835441852,0.039033326234180765,0.5840805798213579,0.5297475280021211
test/geometry/477.json|128,test/geometry/477.json,128,4,REAL_C,6.799232732390692e-09,1,0.026429294811424423,2.1252117105589483,0.009759034637163206,2.1252117105589483,1.4990333567170284,290.47533396157843,0.7053571883066957,0.49752876309628546,136.68065751672538,0.011706377335962831,0.9358485392519624,0.8763909985198768
test/geometry/477.json|128,test/geometry/477.json,128,8,REAL_R,0.00039892931818030775,1,0.019317867828590008,3.995495325329898,0.018576368385156625,3.995495325329898,2.1021840424494855,1281.7886543055529,0.526138531341014,0.2768217541618004,320.80844799872165,0.043708821323470655,0.592573609598579,0.5550434926923895
test/geometry/477.json|128,test/geometry/477.json,128,8,REAL_C,1.8825216102413833e-05,1,0.008256339471616091,2.0658455631275965,0.009604793669563601,2.0658455631275965,1.0120617999712511,320.0491051230791,0.4899019646166316,0.24000393493541153,154.9240227998381,0.012739589866419158,0.939942037310994,0.8638801860781524
test/geometry/477.json|128,test/geometry/477.json,128,16,REAL_R,0.0005458443192765117,1,0.014944094370413817,3.7306119939719675,0.016830208849908605,3.7306119939719675,1.7868455993598797,1239.9967314351081,0.47896849156294957,0.22941081591019377,332.3842665595883,0.046950350191402104,0.5837002527668264,0.5110200832921875
test/geometry/477.json|128,test/geometry/477.json,128,16,REAL_C,0.0005131593206897378,1,0.008497155296875189,2.0250410244456076,0.009135729855080862,2.0250410244456076,1.0464318334714569,321.3697441382062,0.5167459922237477,0.26702642047950415,158.69789315800574,0.013261993459214548,0.9378853240366771,0.8187039403397831
test/geometry/477.json|128,test/geometry/477.json,128,32,REAL_R,1.6307581063301768e-06,1,0.045759071390949105,3.4917615434983644,0.01563097343475297,3.4917615434983644,2.3872355268637433,1188.315231203588,0.6836765618511594,0.46741364122485163,340.31969720723976,0.049984371716958464,0.5720265197914514,0.4635657374790004
test/geometry/477.json|128,test/geometry/477.json,128,32,REAL_C,8.366160209050122e-09,1,0.013190954528032131,1.948674645452581,0.008723299468361942,1.948674645452581,1.037147298659245,327.34201742269636,0.5322321512618822,0.28327106283706716,167.98187331395332,0.014330485872398723,0.9342481969326301,0.776082824530897
test/geometry/477.json|256,test/geometry/477.json,256,0,REAL_R,0.0,1,0.0,4.708524893200239,0.020251776312938435,4.708524893200239,2.4764838569017553,987.401920692761,0.5259574735343577,0.27663126396674964,209.70515035791703,0.027675198303398704,0.5248165543105262,1.000047282982483
test/geometry/477.json|256,test/geometry/477.json,256,0,REAL_C,0.0,1,0.0,2.509195304049698,0.010792267891898558,2.509195304049698,1.037594963849489,332.98060309671655,0.41351701964946946,0.17099632553988886,132.704139274919,0.00773150354743038,0.9140470346878575,1.0000656940974104
test/geometry/477.json|256,test/geometry/477.json,256,1,REAL_R,2.1294927137205377e-05,1,0.04310786325730668,4.565863149913183,0.019793104867211316,4.565863149913183,2.355895483987123,823.6641568036231,0.5159803101044329,0.26623568041557055,180.3961550663436,0.017803821262231012,0.535626336380253,0.8571956854505233
test/geometry/477.json|256,test/geometry/477.json,256,1,REAL_C,7.142281219785218e-07,1,0.009233048408600791,2.404035165927467,0.010421538837529738,2.404035165927467,1.0639900623812402,332.21283765197353,0.4425850659178334,0.19588154057362203,138.18967474365917,0.008332476432463687,0.9462705818790335,0.9897620152050058
test/geometry/477.json|256,test/geometry/477.json,256,2,REAL_R,0.00017899845261126757,1,0.024068005443149236,4.520574422185291,0.019412666431342693,4.520574422185291,2.2420216189732574,811.6584786966779,0.49595945328756375,0.24597577930539602,179.5476421565325,0.017705557249111693,0.5387283669401454,0.7427538877313027
test/geometry/477.json|256,test/geometry/477.json,256,2,REAL_C,0.00026131668710149825,1,0.010478352395039728,2.3924710245222354,0.01027396910396428,2.3924710245222354,1.053426212508018,331.9699832487907,0.4403088696624619,0.19387190070356317,138.75611442982665,0.008306631682569976,0.9485096141394013,0.9666029564630964
test/geometry/477.json|256,test/geometry/477.json,256,4,REAL_R,2.027286791417282e-05,1,0.03852081337677005,4.432176277065893,0.019173167056837505,4.432176277065893,2.069343716789648,832.1568229782122,0.46689111340108735,0.21798731177299424,187.7535483604261,0.01834806103592179,0.5450253965062806,0.6608325856503282
test/geometry/477.json|256,test/geometry/477.json,256,4,REAL_C,5.109975553807544e-09,1,0.008744051163880832,2.3682067136377833,0.010244633811306848,2.3682067136377833,1.0825803059612953,344.0636098324833,0.4571308322565707,0.2089685977997242,145.284449981068,0.008865847938332823,0.9502135995201577,0.9142073664396274
test/geometry/477.json|256,test/geometry/477.json,256,8,REAL_R,9.869429777609184e-05,1,0.034954889098836484,4.256542219743752,0.01839816383621666,4.256542219743752,2.4153184785259016,921.9518824037095,0.567436748852626,0.32198446394857155,216.5964378614798,0.020496200293596046,0.5352145002559483,0.5972903908416884
test/geometry/477.json|256,test/geometry/477.json,256,8,REAL_C,1.8372716681369639e-07,1,0.010177294546552485,2.3355451951165187,0.010094988121421511,2.3355451951165187,1.075322236238866,356.1272256485916,0.4604159399213674,0.21198283773381887,152.4814105045277,0.009473215611714879,0.9492988324038395,0.8844357316535056
test/geometry/477.json|256,test/geometry/477.json,256,16,REAL_R,-3.68661581262586e-08,1,0.052768664543205744,4.01291515246859,0.01745220779488698,4.01291515246859,2.615924416624099,892.6312814403299,0.651876333596097,0.4249427543028753,222.43960999050657,0.021060368224511825,0.5364674833460736,0.5517422166838816
test/geometry/477.json|256,test/geometry/477.json,256,16,REAL_C,2.573524761828594e-05,1,0.019684403284001787,2.2795688051872256,0.009913867340652947,2.2795688051872256,1.1325047411199713,358.0056360048185,0.49680656207543583,0.246816760121383,157.0497171175571,0.009806144824318916,0.9475146587859877,0.8511445889027828
test/geometry/477.json|256,test/geometry/477.json,256,32,REAL_R,0.0010219089454039931,1,0.015157613739839674,3.686923058698865,0.015626562945805635,3.686923058698865,1.8711875426805038,911.8447512449466,0.5075200954533475,0.25757664728909585,247.31862768150472,0.024628233621672664,0.5301511706123551,0.52325494392299
test/geometry/477.json|256,test/geometry/477.json,256,32,REAL_C,0.0009516419377177954,1,0.009612599062131622,2.2033447966130515,0.009338601757460582,2.2033447966130515,1.1226388419364575,373.9475396876171,0.5095157342880022,0.2596062834872243,169.71812140445468,0.011163314216517655,0.9427453646138975,0.7969002790432856
