unit_id,condition,future_KL,mean_M1_state_error,sum_M1_state_error,mean_M1_rel,sum_M1_rel,mean_M2_readout_error,sum_M2_readout_error,mean_M2_rel,sum_M2_rel,mean_M3_signed_dot,sum_M3_signed_dot,mean_M3_abs_dot,sum_M3_abs_dot,mean_M4_signed_cosine,sum_M4_signed_cosine,mean_M4_abs_cosine,sum_M4_abs_cosine,mean_M5_signed_den_shift,sum_M5_signed_den_shift,mean_M5_abs_den_shift,sum_M5_abs_den_shift,mean_M6_first_order_den_predictor,sum_M6_first_order_den_predictor,mean_M7_parallel,sum_M7_parallel,mean_M7_orth,sum_M7_orth,mean_M7_orth_ratio,sum_M7_orth_ratio,mean_M8a_M2rel_cosabs,sum_M8a_M2rel_cosabs,mean_M8b_M5abs,sum_M8b_M5abs,mean_M8c_M1rel_cosabs,sum_M8c_M1rel_cosabs,mean_D_post_rms,sum_D_post_rms,mean_D_out_proj,sum_D_out_proj
test/algebra/1332.json|64,R,0.0002503266632394594,0.14972495310319436,459.95505593301306,0.009516260151017487,29.233951183925722,0.0012050762980549534,3.7019943876248167,0.004373596719591001,13.435689122583556,-6.244447252229419e-05,-0.19182941958848776,6.749510419705278e-05,0.20734496009334613,0.0012093757107921818,3.7152021835535827,0.025481431290138332,78.27895692330496,4.413682797734427e-06,0.01355883355464016,2.4817970345619722e-05,0.07624080490174379,0.0002065479753717766,0.6345153803420978,2.735392009555206e-05,0.08403124253353593,0.0012042297480176968,3.6993937859103645,0.9990826991971908,3069.1820519337703,9.948110483262788e-05,0.30560595404583285,2.4817970345619722e-05,0.07624080490174379,0.000233172125440988,0.7163047693547151,0.027170313112147976,83.46720188051859,0.04120008109758119,126.56664913176942
test/algebra/1332.json|64,C,0.00011306085905189798,0.16970107577381732,521.3217047771668,0.009991301175647104,30.6932772115879,0.0014118075196090766,4.337072700239084,0.006632513182192045,20.37508049569396,0.0006469946511794313,1.9875675684232128,0.0012019391655959746,3.692357116710834,0.014821369803962245,45.531248037772016,0.18058366047661825,554.7530049841713,-5.274008441206549e-05,-0.1620175393138652,0.0004268750539452674,1.3113601657198615,0.0025142443572922866,7.723758665601904,0.00030168784092943256,0.9267850473352168,0.0013581521134134035,4.172243292405976,0.9688730898333097,2976.3781319679274,0.0012481331683359988,3.834265093128188,0.0004268750539452674,1.3113601657198615,0.0017882271817466757,5.493433902325788,0.125604616304528,385.85738128751,0.07381734576387496,226.76688618662388
test/algebra/1332.json|64,R_to_CV,0.00019951548638607897,0.14972509270565468,459.9554847917712,0.00951626215625309,29.233957344009493,0.0014192210918868053,4.3598471942762655,0.004642495158758588,14.261745127706382,-0.0021131896891507062,-6.491718725070969,0.0021890610308639463,6.724795486814044,0.03329854857344584,102.2931412176256,0.15559168724966627,477.97766323097477,1.5564996107553242e-05,0.04781566804240356,0.00014348039602252172,0.4407717765811867,0.0016806279005843524,5.1628889105951306,0.0004357108362897049,1.3385036890819735,0.0013161287953827123,4.043147659415692,0.9745130101564001,2993.703967200461,0.0008371481485053665,2.571719112208486,0.00014348039602252172,0.4407717765811867,0.0014333416330568841,4.403225496750748,0.024366575140748564,74.85411883237958,0.026349900774826476,80.94689518026694
test/algebra/1332.json|64,C_to_RV,0.00045126065197546985,0.16970099231178817,521.3214483818133,0.009991302331935199,30.69328076370493,0.0011862311311443276,3.6441020348753748,0.006379314608234109,19.597254476495184,2.5320006309735945e-05,0.07778305938350882,3.0026755323458527e-05,0.0922421923536646,-0.0006450547201222593,-1.9816081002155805,0.0205519682528704,63.13564647281786,1.5821404466649185e-05,0.048603354521546294,4.337377330821309e-05,0.1332442316028306,0.00022957227207020137,0.7052460197996586,2.241061981070662e-05,0.06884542405849073,0.001185498393515745,3.641851064880369,0.9993106652983692,3069.88236379659,0.00011224835645854297,0.344826951040644,4.337377330821309e-05,0.1332442316028306,0.0002014757022691567,0.6189333573708494,0.18532595476776703,569.3213330465803,0.17574372114957448,539.8847113714928
test/algebra/1332.json|128,R,0.0002728551723764287,0.1607380571030363,493.7873114205275,0.009654553476841066,29.658788280855756,0.0013460901118227608,4.135188823519521,0.004418236485121389,13.572822482292908,-7.785400731983472e-05,-0.2391675104865323,8.26291598916004e-05,0.25383677918699643,-0.0017506254871301368,-5.37792149646378,0.026302519400618483,80.80133959869998,7.690937256314238e-07,0.002362655925139734,2.3984978397617596e-05,0.07368185363748125,0.00020766119165670344,0.6379351807693929,2.926094427261988e-05,0.08988962080548826,0.0013453131336607395,4.132801946605792,0.9991279280579167,3069.32099499392,0.00010191081542834666,0.31307002499588094,2.3984978397617596e-05,0.07368185363748125,0.0002455383486883835,0.7542938071707141,0.026689755918142807,81.9909301805347,0.04322915514931316,132.79996461869
test/algebra/1332.json|128,C,0.00016010373975861025,0.18107412092286548,556.2596994750428,0.01011602360992155,31.076424529679002,0.0014320596648154983,4.399287290313211,0.006713936111867209,20.625211735656066,-0.00014021121784596238,-0.4307288612227964,0.0008537125251006755,2.622604877109275,-0.034060334020640556,-104.63334611140779,0.19605997602648226,602.2962463533535,-2.040504233550659e-05,-0.06268429005467624,0.0004818732518388676,1.4803146296490013,0.0028757224328080683,8.834219313586386,0.0002471913356404915,0.7593717830875899,0.001394163530121427,4.282870364533023,0.9636082664742842,2960.204594609001,0.0014257426177290379,4.379881321663604,0.0004818732518388676,1.4803146296490013,0.001976127263943968,6.0706629548358695,0.13333931774364807,409.61838410848685,0.07439890788466481,228.55344502169032
test/algebra/1332.json|128,R_to_CV,0.0001821178089320336,0.16073809932352734,493.787441121876,0.009654554365840692,29.658791011862608,0.0015695928990912726,4.82178938600839,0.004662060298352446,14.321849236538714,-0.003206313472182977,-9.849794986546105,0.00321857275549014,9.88745550486571,0.009162221854471858,28.14634553693755,0.14758838445906247,453.3915170582399,2.8908808732667584e-05,0.08880786042675481,0.00013507126265499547,0.4149389188761461,0.0015454763494024007,4.747703345364175,0.0005723782202029824,1.7583458924635618,0.0014155704710057976,4.3486324869298105,0.9766320287216125,3000.2135922327934,0.0007703816431511263,2.36661240776026,0.00013507126265499547,0.4149389188761461,0.0013695763242637631,4.20733846813828,0.02388199093543686,73.36547615366203,0.026606268855880303,81.7344579252643
test/algebra/1332.json|128,C_to_RV,0.0002551928938266958,0.1810741869268375,556.2599022392448,0.010116026263115306,31.076432680290218,0.0011806177784198998,3.6268578153059323,0.0064639659992194775,19.857303549602236,4.4537204089703633e-07,0.0013681829096356957,1.446760988767443e-05,0.04444449757493585,0.00017479143750403258,0.5369592960123881,0.020176777997481014,61.983062008261676,2.269098535468324e-05,0.06970670700958692,5.1953066026876514e-05,0.15959981883456464,0.0002452898625629451,0.7535304577933674,1.8760061974546666e-05,0.05763091038580736,0.0011799791631805648,3.624895989290695,0.9993579314264492,3070.027565342052,0.00010622207622210172,0.3263142181542965,5.1953066026876514e-05,0.15959981883456464,0.00019814153189455153,0.6086907859800623,0.20208530174875197,620.8060469721661,0.1986203472410465,610.1617067244948
test/algebra/1332.json|256,R,0.0004853808461824319,0.19028193154856607,584.5460937171949,0.010612164831073209,32.600570361056896,0.00174387017311924,5.357169171822306,0.005032412149063467,15.459570121922972,-0.00011345896547269776,-0.3485459419321275,0.00011795979439670114,0.3623724883866659,-0.00367655428865608,-11.294374774751477,0.02594675548383454,79.7084328463397,-1.70108923570426e-06,-0.005225746132083486,2.7649525789846807e-05,0.08493934322640939,0.00022587153102480921,0.6938773433082139,3.570366696490769e-05,0.10968166491619641,0.0017428598253006178,5.354065383323498,0.9990499816386279,3069.081543593865,0.00011306193844279882,0.347326274896278,2.7649525789846807e-05,0.08493934322640939,0.0002694753273200088,0.827828205527067,0.0343731616903557,105.59435271277272,0.05803563898251857,178.28548295429704
test/algebra/1332.json|256,C,0.00010580278440220769,0.20413563995970885,627.1046859562256,0.01095411038373218,33.65102709882525,0.0016886840944168376,5.187637538048525,0.007777839007687303,23.893521431615394,-0.001977219396886415,-6.074017987235067,0.002143063907521753,6.583492323906825,-0.0015702728699593948,-4.823878256515261,0.1945343245986235,597.6094451669713,7.208075237397082e-05,0.22143207129283837,0.0005339074611881619,1.6401637207700333,0.003217268703577567,9.883449457390286,0.0004575657114968407,1.4056418657182947,0.0015902428314915021,4.885225978341895,0.9623977607674742,2956.485921077681,0.0015829597782068341,4.8628524386513945,0.0005339074611881619,1.6401637207700333,0.002125969470346335,6.530978212903941,0.16976124473264245,521.5065438186776,0.09817930723697237,301.6068318319791
test/algebra/1332.json|256,R_to_CV,0.00034486538546781926,0.19028169388295912,584.5453636084504,0.010612152458008381,32.600532351001746,0.0019068404446379564,5.857813845927802,0.005261765470620365,16.16414352574576,0.0021717502528946463,6.671616776892353,0.0022847939839796493,7.018887118785482,-0.0037982664343983725,-11.6682744864718,0.16401705535618336,503.8603940541953,-1.0597163478694624e-05,-0.03255448620654988,0.00016130870036079603,0.4955403275083654,0.0019450785469304849,5.97528129617045,0.0004340167259380962,1.3332993820818315,0.0018340440117365516,5.634183204054686,0.9737160357765643,2991.2556619056054,0.0009747138774632331,2.9943210315670523,0.00016130870036079603,0.4955403275083654,0.00171417759976834,5.26595358648834,0.02909906134794928,89.39231646090019,0.030203210142184734,92.7842615567915
test/algebra/1332.json|256,C_to_RV,0.0005239938649136814,0.2041357010206034,627.1048735352937,0.010954108903226678,33.651022550712355,0.0014900350921577918,4.577387803108737,0.00755540724924409,23.210211069677843,4.048683155834998e-05,0.12437554654725114,4.424873714860495e-05,0.1359321205205144,0.004312069290680054,13.246676860969124,0.019640610055471228,60.33595409040761,2.775631813182559e-05,0.08526740930096821,5.484646639134875e-05,0.16848834475422336,0.0002803999727051595,0.86138871615025,2.473948903426384e-05,0.07599971031325851,0.0014894109424391656,4.5754704151731165,0.9994707033460015,3070.3740006789167,0.00012175418998477417,0.37402887163322623,5.484646639134875e-05,0.16848834475422336,0.0002087041817770885,0.6411392464192159,0.2791370342494847,857.5089692144171,0.27189712754127804,835.2679758068061
test/counting_and_probability/119.json|64,R,0.00032834268730479177,0.14011936409003312,430.44668648458173,0.009183271284102427,28.211009384762658,0.0010417096823810141,3.2001321442744755,0.004077735222034008,12.526802602088473,-4.0040352387240166e-05,-0.1230039625336018,4.601188007526504e-05,0.1413484955912142,0.00015371199946723378,0.47220326236334215,0.02572916288665625,79.039988387808,9.043494930740156e-07,0.0027781616427233757,2.2657493500661634e-05,0.06960382003403254,0.00018307600401010194,0.5624094843190331,2.440193164265203e-05,0.07496273400622704,0.0010407911113809456,3.197310294162265,0.9990518859012214,3069.087393488552,9.279663785561865e-05,0.2850712714924605,2.2657493500661634e-05,0.06960382003403254,0.0002324298778368348,0.7140245847147565,0.02402716320606263,73.8114453690244,0.03513159058682997,107.92424628274166
test/counting_and_probability/119.json|64,C,0.00016609193830749729,0.15981847160441057,490.9623447687493,0.009618441854055039,29.54785337565708,0.001307714160803825,4.017297901989351,0.006431133058659971,19.756440756203432,-0.0001300604219454706,-0.39954561621648566,0.000848186547453005,2.6056290737756314,-0.010520545197278013,-32.319114846038055,0.1783674162690002,547.9447027783687,-7.692519269834423e-05,-0.23631419196931347,0.00043130256869787037,1.3249614910398577,0.002406236111618563,7.391957334892226,0.00024666327362151433,0.757749576565292,0.0012677024265984006,3.8943818545102866,0.9697477338984921,2979.065038536168,0.0011953304716809997,3.672055209004031,0.00043130256869787037,1.3249614910398577,0.001684132476035284,5.173654966380393,0.1119560545541261,343.9289995902754,0.07210881863672784,221.51829085202792
test/counting_and_probability/119.json|64,R_to_CV,0.0001954607252287985,0.1401193677583479,430.44669775364474,0.00918327189007801,28.211011246319643,0.0012734990401845664,3.9121890514469877,0.004327966067410773,13.295511759085896,0.0013514053451733257,4.151517220372456,0.0014854263933245786,4.563229880293106,0.015150867345430063,46.54346448516115,0.14456351510141027,444.0991183915324,1.2000833586989224e-05,0.036866560779230895,0.00011366396752821029,0.349175708246662,0.0014435023405691095,4.4344391902283045,0.0003252716666436233,0.9992345599292108,0.0012092044941818623,3.714676206126681,0.9784342928058526,3005.7501474995793,0.0007213950609654707,2.216125627285926,0.00011366396752821029,0.349175708246662,0.0013019589954935819,3.9996180341562835,0.021891361321057286,67.25026197828798,0.024572630016292372,75.48711941005017
test/counting_and_probability/119.json|64,C_to_RV,0.00042945300077786404,0.15981850215234905,490.9624386120163,0.009618440470770609,29.54784912620731,0.0010718053143094854,3.2925859255587393,0.006183794480359792,18.99661664366528,4.967479053691536e-06,0.015260095652940397,1.2569304184804586e-05,0.03861290245571969,0.0007684938562643224,2.3608131264439987,0.020139809858682738,61.86949588587337,2.6599743257712156e-05,0.08171441128769175,4.578334881142713e-05,0.14064644754870415,0.00023136052502755125,0.7107395328846374,1.922006253642692e-05,0.0590440321119035,0.0010711287285886887,3.2905074542244517,0.9993211077830292,3069.9144431094655,0.00010761360583163916,0.3305889971147955,4.578334881142713e-05,0.14064644754870415,0.00019199552270573203,0.5898102457520088,0.16041830968376122,492.80504734851445,0.1604424641084377,492.87924974112065
test/counting_and_probability/119.json|128,R,0.0002107239836072007,0.1691833239931171,519.7311713068558,0.00981823637251567,30.161622136368138,0.001389204778773249,4.267637080391421,0.004562173474494602,14.014996913647416,-7.17839614477657e-05,-0.2205203295675362,7.6601193722234e-05,0.23531886711470285,0.0018149866959213483,5.575639129870382,0.024671955449749747,75.79224714163122,6.517901982439993e-06,0.020022994890055656,2.76709301614599e-05,0.08500509745600482,0.0001988488591304363,0.6108636952487003,2.8112065583566472e-05,0.0863602654727162,0.0013884262839834677,4.265245544397213,0.9991688250246721,3069.4466304757925,9.771528424589662e-05,0.3001813532033944,2.76709301614599e-05,0.08500509745600482,0.0002353123602458413,0.7228795706752245,0.03114112440099002,95.66553415984134,0.04653908906032531,142.96808159331937
test/counting_and_probability/119.json|128,C,7.659512086297301e-05,0.1862278545389963,572.0919691437966,0.010269209127023525,31.54701043821627,0.0015710283480855202,4.826199085318718,0.006739873404960829,20.704891100039667,-0.0008680340113150399,-2.6666004827598027,0.0012890921592604479,3.9600911132480956,-0.02925377692217018,-89.86760270490679,0.16888348140574627,518.8100548784525,-2.5817377934463554e-05,-0.07931098501467204,0.0003940057620237525,1.2103857009369676,0.0023628225503345107,7.258590874627617,0.00031125642071857385,0.9561797244474589,0.001519682053390015,4.668463268014126,0.9750218954252762,2995.2672627464485,0.0011703606156813337,3.595347811373057,0.0003940057620237525,1.2103857009369676,0.00170852159801299,5.248578349095905,0.15290818828568764,469.73395441363243,0.09036000655332434,277.5859401318124
test/counting_and_probability/119.json|128,R_to_CV,0.00011404757579719089,0.16918330234683202,519.731104809468,0.00981823823201111,30.161627848738128,0.0015828212039876704,4.862426738650123,0.004802437663059832,14.753088500919805,-0.0015829896613850376,-4.862944239774835,0.001786372576198126,5.487736554080643,0.0349996353941419,107.51887993080392,0.15758907266734593,484.11363123408665,4.108485087495062e-05,0.1262126618878483,0.00014409829120753948,0.44266995058956127,0.0017974848174872292,5.521873359320768,0.0003595821126950312,1.1046362501991358,0.0015219434247611453,4.675410200866239,0.9740254676747392,2992.206236696799,0.0008975218207702235,2.7571870334061264,0.00014409829120753948,0.44266995058956127,0.0015354443058834683,4.7168849076740145,0.027405803322741812,84.19062780746285,0.030307723002784007,93.10532506455247
test/counting_and_probability/119.json|128,C_to_RV,0.00027791828469890507,0.18622782334300106,572.0918733096993,0.010269209485451233,31.547011539306187,0.0013078901571879215,4.017838562881295,0.006503041175741873,19.977342491879032,-1.282558846769697e-05,-0.039400207772765095,1.9327299933686584e-05,0.059373465396285185,0.002142050607796856,6.580379467151942,0.02074077817324112,63.71567054819673,2.8658136268353934e-05,0.08803779461638328,5.0266690955693326e-05,0.1544192746158899,0.0002530731543285658,0.7774407300973541,2.1607995177697707e-05,0.06637976118588736,0.0013071155404360392,4.015458940219513,0.9992519297898849,3069.7019283145264,0.00010958727275688519,0.3366521019091513,5.0266690955693326e-05,0.1544192746158899,0.00020985298853275303,0.6446683807726173,0.21151462078867359,649.7729150628053,0.19743010211077835,606.5052736843111
test/counting_and_probability/119.json|256,R,0.0001980385848757696,0.17792198482390778,546.5763373790447,0.0099422937902245,30.542726523569662,0.0015267117509887875,4.690058499037555,0.004569016784390649,14.036019561648075,-8.76325670913264e-05,-0.2692072461045547,9.317600710088897e-05,0.2862366938139309,0.004163091649719448,12.789017547938146,0.02609924685452221,80.17688633709223,4.927091764093487e-06,0.015136025899295191,2.7671458425054807e-05,0.08500672028176837,0.0002162030533915349,0.6641757800187952,3.111494268697124e-05,0.09558510393437565,0.0015258169661670326,4.687309720065124,0.9990599384103281,3069.112130796528,0.000104871909980836,0.3221665074611282,2.7671458425054807e-05,0.08500672028176837,0.0002562735584877425,0.7872723716743449,0.030332818910819234,93.18241969403668,0.04975856848659918,152.85832239083268
test/counting_and_probability/119.json|256,C,0.0001267737564188637,0.1949084709972433,598.7588229035314,0.010353633389568483,31.80636177275438,0.00159811118254453,4.909397552776796,0.00705879112359125,21.68460633167232,0.0010587855022914372,3.252589063039295,0.0014812203889320401,4.550309034799227,-0.05039594231670911,-154.8163347969304,0.19297515362166984,592.8196719257697,1.6572423351549997e-05,0.050910484535961587,0.0005217358905520442,1.6027726557758797,0.002949838005639353,9.061902353324092,0.00034386913242771523,1.0563659748179413,0.0015343187664487695,4.71342725053062,0.9623253535778704,2956.263486191218,0.0014568728947419512,4.475513532647274,0.0005217358905520442,1.6027726557758797,0.0019933009094414505,6.123420393804135,0.19418017046224786,596.5214836600254,0.09285380072969675,285.2468758416284
test/counting_and_probability/119.json|256,R_to_CV,9.832805730170486e-05,0.1779220809823823,546.5766327778784,0.009942296873406954,30.542735995106163,0.0017030293331187828,5.231706111340901,0.004792103873365616,14.721343098979172,0.0013501122707081342,4.147544895615388,0.0017722870526949944,5.444465825879023,0.048459891039557564,148.86878527352084,0.15733657260337977,483.3379510375827,7.140543366627543e-06,0.02193574922227981,0.00015299251482140766,0.46999300553136436,0.0017826965591524427,5.476443829716304,0.0003445124505728082,1.0583422481596667,0.001647786419242461,5.0619998799128405,0.9734528374961879,2990.4471167882893,0.0008884135480208807,2.7292064195201458,0.00015299251482140766,0.46999300553136436,0.0015612314469075734,4.796103004900066,0.0266892778443729,81.98946153791354,0.030217633688718312,92.82857069174266
test/counting_and_probability/119.json|256,C_to_RV,0.00032981611446012776,0.19490860213472005,598.75922575786,0.010353633523998682,31.806362185723952,0.0013379379193379393,4.11014528820615,0.00683099325290864,20.984811272935342,-3.126662951873155e-06,-0.009605108588154332,1.563390497823984e-05,0.048027356093152784,-0.0013701348261932805,-4.2090541860657575,0.020278318558368622,62.294994611308404,3.654941401017483e-05,0.11227979983925707,6.456604987159498e-05,0.19834690520553977,0.0002703588349621978,0.8305423410038716,2.0352927774825587e-05,0.0625241941242642,0.001337319657072997,4.108245986528247,0.9994211637767257,3070.2218151221014,0.00011427857772611694,0.35106379077463123,6.456604987159498e-05,0.19834690520553977,0.00020626879686483823,0.633657743968783,0.2751377372083806,845.2231287041451,0.2555201858810452,784.9580110265708
test/geometry/477.json|64,R,0.0004586142724585481,0.14545437635229133,446.835844154239,0.00919544617321841,28.248410644126952,0.0011913797798606093,3.6599186837317914,0.004175496571357941,12.827125467211594,-5.997195997190068e-05,-0.1842338610336789,6.49735376180898e-05,0.19959870756277187,0.0021947448453480257,6.7422561649091355,0.026375851052475068,81.0266144332034,3.975792575439119e-07,0.0012213634791748973,2.3309108644129866e-05,0.07160558175476694,0.0001989258073800726,0.611100080271583,2.727562387850444e-05,0.08379071655476564,0.0011905569213153749,3.6573908622808315,0.9991157654298481,3069.2836314004935,9.879063765927566e-05,0.30348483888929484,2.3309108644129866e-05,0.07160558175476694,0.00023436452210054092,0.7199678118928617,0.024057483627686106,73.90458970425172,0.03765045966331089,115.66221208569105
test/geometry/477.json|64,C,0.00021612386996426255,0.16785493003672325,515.6503450728138,0.009690792215410648,29.77011368574151,0.0014658789690903664,4.503180193045606,0.006400149912691065,19.66126053178695,0.0013469371103602007,4.137790803026537,0.001593959014233545,4.89664209172545,-0.03659691404781623,-112.42571995489146,0.19316523173082542,593.4035918770957,-2.7333509002192002e-05,-0.08396853965473383,0.0004200271975199528,1.2903235507812951,0.0024763981129175008,7.607495002882563,0.0003751970977541183,1.1526054843006515,0.0013870163379405968,4.260914190153513,0.9657877194167049,2966.8998740481175,0.001239086085746779,3.806472455414105,0.0004200271975199528,1.2903235507812951,0.001816729202222711,5.580992109228168,0.1199714023449421,368.5521480036621,0.06939854915751449,213.19234301188453
test/geometry/477.json|64,R_to_CV,0.00026408285148550603,0.14545433479223643,446.8357164817503,0.00919544397372536,28.248403887284308,0.0014406289935901054,4.425612268308804,0.00445553895029441,13.687415655304427,0.0005361576878188584,1.6470764169795329,0.0011630368578367035,3.572849227274353,0.03331280259039298,102.33692955768723,0.160307525671653,492.464718863318,4.791998076386639e-05,0.14721018090659754,0.00013831163881737144,0.4248933544469651,0.0017015923246817644,5.22729162142238,0.0002750751084981035,0.8450307333061741,0.001397677697547751,4.293665886866691,0.9727231861367232,2988.2056278120135,0.0008481237886286032,2.605436278667069,0.00013831163881737144,0.4248933544469651,0.0014549562894979546,4.469625721337716,0.021298129718061175,65.42785449388393,0.02312491673805435,71.03974421930296
test/geometry/477.json|64,C_to_RV,0.019791525676523872,0.1678549536444548,515.6504175957651,0.009690793044854746,29.770116233793782,0.0012328080195390943,3.7871862360240978,0.006159009601552838,18.920477495970317,-2.644785891569035e-05,-0.08124782258900076,3.195126077948883e-05,0.09815427311458969,-0.00108014568416053,-3.318207541741148,0.02062623210463332,63.36378502543356,2.003114838402172e-05,0.061535687835714725,4.646191164523842e-05,0.14273099257417243,0.00022130433086397895,0.6798469044141433,2.2181328361404114e-05,0.06814104072623343,0.0012321919198867266,3.7852935778920243,0.9994120541615752,3070.193830384359,0.00010590167145919196,0.3253299347226377,4.646191164523842e-05,0.14273099257417243,0.00019405622966252753,0.5961407375232846,0.17323639247946152,532.1821976969057,0.17007734631816532,522.4776078894039
test/geometry/477.json|128,R,0.0007333794043785985,0.15395800931771836,472.9590046240308,0.009502038861539736,29.19026338265007,0.001332733651364398,4.09415777699143,0.0043131883671545185,13.25011466389868,-7.532417146659063e-05,-0.2313958547453664,8.083061639215558e-05,0.24831165355670193,-0.00170794771981139,-5.24681539526059,0.02303417233020832,70.76097739839996,2.3240786993552107e-06,0.007139569764419207,2.29621787726092e-05,0.07053981318945546,0.00016643922244318778,0.5113012913454729,2.842120418455582e-05,0.08730993925495548,0.0013318943815865097,4.091579540233758,0.9991985407399145,3069.5379171530176,8.337198095950578e-05,0.25611872550760173,2.29621787726092e-05,0.07053981318945546,0.00021276680190351636,0.6536196154476023,0.02583721122038347,79.37191286901802,0.03810620963947938,117.06227601248067
test/geometry/477.json|128,C,0.000358217984099674,0.17527431577054275,538.4426980471073,0.009988713488551097,30.68532783682897,0.001469517873686759,4.514358907965724,0.006161932172138405,18.92945563280918,-0.000855642554892122,-2.628533928628599,0.0011668326299266452,3.584509839134654,-0.09818573003944302,-301.62656268116893,0.1835765303430407,563.947101213821,-8.90644805706664e-05,-0.2736060843130872,0.00037543372966094185,1.1533324175184134,0.0022710333131093297,6.976614337871861,0.0002971424459510418,0.9128215939616003,0.0014187497634526533,4.358399273326551,0.9671498835340576,2971.084442216625,0.00113900399718958,3.49902027936639,0.00037543372966094185,1.1533324175184134,0.0018286997329781728,5.617765579708947,0.11681868378405603,358.86699658462015,0.06903146534952086,212.06466155372806
test/geometry/477.json|128,R_to_CV,0.0003632810110004575,0.15395765335658396,472.9579111114259,0.009502022814630902,29.190214086546128,0.0015568931005540598,4.7827756049020715,0.004584330033786099,14.083061863790896,0.0016697568662196506,5.129493093026767,0.0019974770865502554,6.136249609882384,-0.006745384256365409,-20.721820435554537,0.15193748249832947,466.75194623486817,-1.102121127916078e-06,-0.003385716104958192,0.00012551041948068628,0.3855680086446682,0.001604678426218825,4.92957212534423,0.00039879802704624823,1.2251075390860746,0.0014816265484334746,4.551556756787634,0.9768054830344345,3000.746443881783,0.0008021254868753263,2.4641294956810023,0.00012551041948068628,0.3855680086446682,0.001417228390998811,4.353725617148347,0.022724687406182113,69.81023971179145,0.023893149281740116,73.39975459350563
test/geometry/477.json|128,C_to_RV,0.001165137568703686,0.17527435501254154,538.4428185985277,0.009988714635828035,30.685331361263724,0.0012015236249978782,3.691080575993482,0.005896932464894516,18.115376532155953,-5.199591783449503e-06,-0.015973145958756874,1.4413240592248827e-05,0.0442774750993884,-0.003695982485305846,-11.354058194859558,0.019312147474817704,59.32691704263999,1.7955842933847777e-05,0.05516034949278037,4.310907434207367e-05,0.13243107637885032,0.0001999156047519938,0.614140737798125,1.8761348300299754e-05,0.05763486197852084,0.0012008647953936598,3.689056651449323,0.9993478443737432,3069.9965779161394,0.00010181904376126769,0.31278810243461436,4.310907434207367e-05,0.13243107637885032,0.00019255844509568268,0.5915395433339372,0.17076088128499112,524.5774273074927,0.16157392900797066,496.3551099124859
test/geometry/477.json|256,R,0.0007347332020312984,0.17368503613682443,533.5604310123247,0.010031720180815619,30.817444395465582,0.0016161460330423125,4.964800613505984,0.004482140612977844,13.769135963067937,-0.00010825928205849189,-0.3325725144836871,0.00011469272768984242,0.3523360594631959,-0.003541688932032302,-10.880068399203232,0.024987819971118402,76.76258295127573,-1.9108492290836887e-06,-0.005870128831745092,2.3738757691067296e-05,0.07292546362695873,0.0001884603844552802,0.5789503010466207,3.463297877455607e-05,0.10639251079543624,0.0016149546619131693,4.961140721397256,0.9989200113660467,3068.6822749164953,9.745114261469968e-05,0.2993699101123574,2.3738757691067296e-05,0.07292546362695873,0.00024379700136982032,0.7489443882080881,0.028089009085649794,86.28943591111617,0.04348079925703824,133.57301531762147
test/geometry/477.json|256,C,0.0005071603297231891,0.19306838788042904,593.106087568678,0.010481578990125034,32.1994106576641,0.001609865591192641,4.9455070961437935,0.006648816470497906,20.42516419736957,-0.0014733888063196143,-4.526250413013855,0.0017962532441727398,5.518089966098657,-0.047235789716783105,-145.1083460099577,0.17527522144354465,538.4454802745691,5.20264079349649e-05,0.15982512517621217,0.00044088486472541416,1.3543983044364722,0.002348713319098336,7.215247316270088,0.00037630625875353013,1.1560128268908445,0.0015376143129615025,4.7235511694177355,0.9708908383790908,2982.576655500567,0.0011653869610437405,3.5800687443263706,0.00044088486472541416,1.3543983044364722,0.001801702025666363,5.534828622847067,0.16196020557880023,497.5417515380743,0.08024753956256903,246.52044153621205
test/geometry/477.json|256,R_to_CV,0.0005585022689339647,0.1736850519850249,533.5604796979965,0.010031722444197073,30.81745134857341,0.0018266013176946527,5.611319247957973,0.004723345817859113,14.510118352463197,0.00028751357815539534,0.8832417120933744,0.0012862056525837398,3.9512237647372483,-0.02919856372575191,-89.69798776550986,0.17564741437707895,539.5888569663865,-4.082062387726163e-05,-0.12540095655094774,0.00017832470408540857,0.5478134909503751,0.001959036047563975,6.01815873811653,0.0002755572257990453,0.8465117976546672,0.0017897409003225053,5.498084045790736,0.9712394146505079,2983.6474818063602,0.000981726154177173,3.0158627456322753,0.00017832470408540857,0.5478134909503751,0.0017442328849110065,5.358283422446612,0.023794182687110185,73.09572921480249,0.02531201474616368,77.75850930021483
test/geometry/477.json|256,C_to_RV,0.00107292626346179,0.19306838455539785,593.1060773541822,0.010481577850659772,32.19940715722682,0.001346877945937696,4.137609049920602,0.006407126096316007,19.682691367882775,2.1547543249105943e-05,0.06619405286125346,2.764061709402352e-05,0.08491197571284026,-0.0002637354316057148,-0.8101952458927558,0.021776684876649133,66.89797594106614,1.8863754350673112e-05,0.0579494533652678,5.073899701350341e-05,0.15587019882548248,0.0002544713697200864,0.7817360477801054,2.3530378809723983e-05,0.07228532370347207,0.0013459935283014512,4.134892118942058,0.9992306384948764,3069.63652145626,0.00011542982158450984,0.3546004119076142,5.073899701350341e-05,0.15587019882548248,0.00022563855993723225,0.6931616561271775,0.24001978775711375,737.3407879898534,0.22114983285872866,679.3722865420144
