unit_id,prompt_id,t0,config,future_KL,M5_original,M5_full_recomputed,M5_diag,M5_iso,M5_block,full_vs_original_relerr
test/algebra/1332.json|64,test/algebra/1332.json,64,R128,0.0004381050560727783,2.439055339935567,2.439055336503953,1.8989675493470322,46.58311305747234,1.9235245243418644,1.406943929397401e-09
test/algebra/1332.json|64,test/algebra/1332.json,64,R64,0.0003344745735310952,1.657732453779864,1.657732368370989,1.4634101156808617,33.06701384567474,1.4701606902697537,5.1521507385958915e-08
test/algebra/1332.json|64,test/algebra/1332.json,64,R32,0.00021733690500160642,1.163875536816675,1.1638755551718525,1.078381248895827,22.7060758312426,1.082586170032755,1.5770739050168735e-08
test/algebra/1332.json|64,test/algebra/1332.json,64,R16,0.00026638640872058664,0.8055116803296732,0.8055116172901684,0.7656587179243958,16.30770594247585,0.7657907795453204,7.826019954491192e-08
test/algebra/1332.json|64,test/algebra/1332.json,64,C128,0.00015477064217775678,0.7921374318831639,0.7921374311559333,0.833376716996467,7.214868012309005,0.8083466631220144,9.180611593316146e-10
test/algebra/1332.json|64,test/algebra/1332.json,64,C64,0.0001344927934943581,0.697991336927076,0.6979913239692763,0.730013047266504,5.448338772664118,0.7158518106363727,1.8564413391046438e-08
test/algebra/1332.json|64,test/algebra/1332.json,64,C32,0.0001173418374062185,0.6108267451780732,0.6108267306499326,0.646307510817792,4.12395131657594,0.6268213543277975,2.378438844420847e-08
test/algebra/1332.json|64,test/algebra/1332.json,64,C16,0.0001667267831546029,0.5708313354376059,0.5708313151990877,0.5961967893632347,4.793142949059712,0.5802078552534846,3.545446253245553e-08
test/counting_and_probability/119.json|128,test/counting_and_probability/119.json,128,R128,0.00042794730903297166,1.7825558448852188,1.7825557441316235,1.3880425050066791,28.65053883317293,1.3992355048746552,5.6521985290773024e-08
test/counting_and_probability/119.json|128,test/counting_and_probability/119.json,128,R64,0.0001811603384428893,1.1594036578632936,1.1594036491728132,1.056314211829347,20.52201749078391,1.0563560049459773,7.495646814991909e-09
test/counting_and_probability/119.json|128,test/counting_and_probability/119.json,128,R32,0.00013362620460769577,0.8070970207847442,0.8070970576303431,0.7968275701646255,14.25581098977977,0.7950523007280833,4.565200707765652e-08
test/counting_and_probability/119.json|128,test/counting_and_probability/119.json,128,R16,0.0002003492431035081,0.5466286330165587,0.5466286050955328,0.543830667952371,10.085706580802238,0.5442406239065429,5.1078601173171603e-08
test/counting_and_probability/119.json|128,test/counting_and_probability/119.json,128,C128,6.554780867602366e-05,0.7310594133202396,0.7310593768166909,0.7520369141475971,5.179865572872538,0.7304733972465489,4.993239683962188e-08
test/counting_and_probability/119.json|128,test/counting_and_probability/119.json,128,C64,0.00013014755629597123,0.6392779458392636,0.6392779402150282,0.6711958652776997,4.060916638556962,0.6452180750338526,8.79779358466035e-09
test/counting_and_probability/119.json|128,test/counting_and_probability/119.json,128,C32,0.00011129438745579577,0.5754556390744326,0.5754556363993304,0.6113325378165676,3.060505760128346,0.5784124050436893,4.64866806262332e-09
test/counting_and_probability/119.json|128,test/counting_and_probability/119.json,128,C16,0.00012185017293736577,0.5143215247505349,0.514321496028393,0.546095882492501,2.704388830112773,0.5171988936923272,5.584472067539789e-08
test/geometry/477.json|256,test/geometry/477.json,256,R128,0.0012886598999858334,2.821897838864668,2.8218977610870404,2.1911958129755944,62.6806390444462,2.2266893593321324,2.7562169820050448e-08
test/geometry/477.json|256,test/geometry/477.json,256,R64,0.0009849566126545676,1.8335762429081601,1.833576213816964,1.6546567680353654,44.54869973611224,1.6548664707907021,1.5865822995479724e-08
test/geometry/477.json|256,test/geometry/477.json,256,R32,0.0007316905048371028,1.2233829644363337,1.2233829256454534,1.1878910259092796,30.510940310818718,1.191470606304433,3.170788004517408e-08
test/geometry/477.json|256,test/geometry/477.json,256,R16,0.0005589260790726438,0.8680153072058837,0.8680152833300664,0.8631841921685578,21.59739195038653,0.8610529794836304,2.7506216912284307e-08
test/geometry/477.json|256,test/geometry/477.json,256,C128,0.00037731401717693686,0.9987865254045953,0.9987865069493809,1.0359327713179545,12.20424049458922,1.0041916548044467,1.847763661034096e-08
test/geometry/477.json|256,test/geometry/477.json,256,C64,0.0004572497179499071,0.9138820226519967,0.9138820361720089,0.944151994543042,11.207357579453321,0.9264865086439174,1.4794045495753936e-08
test/geometry/477.json|256,test/geometry/477.json,256,C32,0.0004849010749451426,0.8327679237802426,0.8327679066215629,0.8589832704279733,9.032890890705039,0.8380535825076877,2.0604395545644616e-08
test/geometry/477.json|256,test/geometry/477.json,256,C16,0.0004239142356513296,0.7235300773584039,0.7235300643980798,0.7556709416396532,5.449328971161674,0.7336757005627831,1.7912626651977462e-08
test/algebra/1332.json|128,test/algebra/1332.json,128,R128,0.0004503817046890681,1.749251200017946,1.7492511403761624,1.6816755303915003,36.928981901292204,1.6823523038431138,3.409560829989415e-08
test/algebra/1332.json|128,test/algebra/1332.json,128,R64,0.0003587767904439483,1.3039901551396014,1.3039901410316699,1.2826056156185375,26.247047728732362,1.2912111775383162,1.0819047547320597e-08
test/algebra/1332.json|128,test/algebra/1332.json,128,R32,0.00013438511532696862,0.9672676930656778,0.9672676965951708,0.9577538429988913,17.926051584003186,0.960771744947915,3.648930844532976e-09
test/algebra/1332.json|128,test/algebra/1332.json,128,R16,0.00017860635283413424,0.7060632005269556,0.7060631616550153,0.7079339202394476,12.727694369222261,0.7089051081773093,5.5054477140552387e-08
test/algebra/1332.json|128,test/algebra/1332.json,128,C128,0.00010471381772714042,0.7340053610562376,0.7340053465318149,0.7958344170820987,6.795564753410315,0.7568148752244099,1.9787897248686642e-08
test/algebra/1332.json|128,test/algebra/1332.json,128,C64,0.0001202805147309368,0.678296461705497,0.6782964395147895,0.7285512276582548,5.732362332575022,0.6934037085923989,3.2715351983312186e-08
test/algebra/1332.json|128,test/algebra/1332.json,128,C32,0.00014286321645506084,0.6003817624045058,0.6003817350337513,0.6551221371123068,4.588121489498174,0.6192707319786617,4.558891736161511e-08
test/algebra/1332.json|128,test/algebra/1332.json,128,C16,0.00012090583832164079,0.5314064221325961,0.5314064086362826,0.5975392009528515,3.2703506650919865,0.5547856358814304,2.539734739567323e-08
test/counting_and_probability/119.json|256,test/counting_and_probability/119.json,256,R128,0.000444372693427206,1.849868670416993,1.8498686005338643,1.6837811996299383,25.846956266201186,1.7011275919633995,3.777734601206837e-08
test/counting_and_probability/119.json|256,test/counting_and_probability/119.json,256,R64,0.0002575190383571553,1.3339128327486154,1.3339127806570896,1.3058109141124863,18.387460553373824,1.315245809157713,3.9051671504053077e-08
test/counting_and_probability/119.json|256,test/counting_and_probability/119.json,256,R32,0.00017044081165490973,0.9654900178217389,0.9654899926435033,0.9609423802996198,12.6679438738861,0.9640100392535493,2.6078193604038596e-08
test/counting_and_probability/119.json|256,test/counting_and_probability/119.json,256,R16,0.00014258597853587492,0.6841953439198835,0.6841953195991753,0.6879061855481635,8.996935201141445,0.6892832137304227,3.554643908377985e-08
test/counting_and_probability/119.json|256,test/counting_and_probability/119.json,256,C128,9.666516035132869e-05,0.9421887539559252,0.9421886950695898,0.9953066840961989,5.499174620364515,0.9550116720818105,6.2499509908321e-08
test/counting_and_probability/119.json|256,test/counting_and_probability/119.json,256,C64,9.37863959609461e-05,0.8724321306900681,0.8724321269041752,0.9134244080460643,4.637145591025352,0.8875427696111249,4.3394698559362245e-09
test/counting_and_probability/119.json|256,test/counting_and_probability/119.json,256,C32,9.186999941058833e-05,0.7850994078436675,0.7850994310142189,0.8304676637029739,4.15598962074531,0.7988205689010726,2.9512888603596547e-08
test/counting_and_probability/119.json|256,test/counting_and_probability/119.json,256,C16,6.923902856460891e-05,0.7168616943487819,0.7168616776623142,0.7542627577900857,3.265252500542477,0.7282594985579485,2.3277108797404654e-08
test/algebra/1332.json|256,test/algebra/1332.json,256,R128,0.0005541107084021445,1.9345560331296525,1.9345559053327452,1.7952548106502413,32.59922013025539,1.8027648399777543,6.606007016090914e-08
test/algebra/1332.json|256,test/algebra/1332.json,256,R64,0.00048633224375597213,1.4299575335276629,1.4299574623003939,1.4019598447424602,23.328980610182743,1.4018249857423177,4.981075822302984e-08
test/algebra/1332.json|256,test/algebra/1332.json,256,R32,0.0001408840740150452,1.068591942018133,1.0685918783981783,1.0611227929360452,16.10931516561302,1.0542894593170478,5.953624778188097e-08
test/algebra/1332.json|256,test/algebra/1332.json,256,R16,0.0004185433290642825,0.7801307293810551,0.7801307047786374,0.7799660401074222,11.389771220464404,0.7785218123037474,3.153627556519634e-08
test/algebra/1332.json|256,test/algebra/1332.json,256,C128,9.314900844673647e-05,0.6124197093284406,0.6124196987914797,0.6589439101662783,8.343565835255824,0.6236548833459986,1.7205456811530058e-08
test/algebra/1332.json|256,test/algebra/1332.json,256,C64,0.00010355508620891381,0.5720680612088679,0.5720680294843535,0.6078917561493494,4.512331533979588,0.5764533767482519,5.545583908627551e-08
test/algebra/1332.json|256,test/algebra/1332.json,256,C32,9.661033639696592e-05,0.5027041637572467,0.5027041356747091,0.5356320465988961,2.914526947343113,0.5118260992393575,5.58629501269731e-08
test/algebra/1332.json|256,test/algebra/1332.json,256,C16,8.147650391892315e-05,0.42479410022009095,0.4247940962584614,0.4635735964273209,2.956233111484444,0.43425382757941183,9.325999532193626e-09
test/geometry/477.json|64,test/geometry/477.json,64,R128,0.001402002650547567,2.0658891683696083,2.065889104234871,1.9059741171598603,29.170452678143256,1.9139817434091204,3.1044616769709865e-08
test/geometry/477.json|64,test/geometry/477.json,64,R64,0.0006067006625339552,1.4941564531288152,1.4941564147713287,1.46103566292246,20.792617112789685,1.4652957611459148,2.567166673879488e-08
test/geometry/477.json|64,test/geometry/477.json,64,R32,0.0003313268888877254,1.1039821660198563,1.1039821502875669,1.0968411929429096,14.29884893590465,1.0981814740107605,1.425049240411604e-08
test/geometry/477.json|64,test/geometry/477.json,64,R16,0.0003042210838735248,0.7818624287080436,0.7818624114516414,0.7778469402006309,10.171035784617203,0.7808011137698274,2.207089324469502e-08
test/geometry/477.json|64,test/geometry/477.json,64,C128,0.00033021611934920124,0.949503448060689,0.9495034741506833,0.9779136559660054,6.513267917953718,0.959058928126055,2.7477513988361784e-08
test/geometry/477.json|64,test/geometry/477.json,64,C64,0.00026247304938570965,0.8090605076674698,0.8090604909581836,0.8455264429324323,4.7336404881223615,0.8205796634436427,2.0652702893747513e-08
test/geometry/477.json|64,test/geometry/477.json,64,C32,0.000304609121555921,0.722476846694462,0.7224768430511722,0.760262070035104,3.771851792220039,0.7367242914542722,5.042777215129677e-09
test/geometry/477.json|64,test/geometry/477.json,64,C16,0.00026652158913419936,0.6468899955356601,0.6468900022975489,0.6905445371117988,2.693505344786203,0.6591427517471076,1.0452919156734718e-08
test/counting_and_probability/119.json|64,test/counting_and_probability/119.json,64,R128,0.000939741352840931,1.858734954938728,1.858734955841417,1.436396158804957,43.974099651231434,1.4674836109280647,4.856469892240483e-10
test/counting_and_probability/119.json|64,test/counting_and_probability/119.json,64,R64,0.0003620211326677203,1.1912866651153753,1.1912866369183592,1.081982481112208,31.159806326971662,1.08382685441382,2.3669379403850116e-08
test/counting_and_probability/119.json|64,test/counting_and_probability/119.json,64,R32,0.00032736291936377455,0.8458701327929044,0.8458701310489497,0.8061105138507374,21.634971864654357,0.8094345679295682,2.0617286031833107e-09
test/counting_and_probability/119.json|64,test/counting_and_probability/119.json,64,R16,0.00024153723573988063,0.6208111154813584,0.620811088813084,0.6002570971356136,15.513796174221861,0.6005096656508484,4.295714703154394e-08
test/counting_and_probability/119.json|64,test/counting_and_probability/119.json,64,C128,0.00014584922555783346,0.865686534966784,0.865686590906663,0.892385329706332,10.048388417904775,0.8786836849510058,6.461909327644993e-08
test/counting_and_probability/119.json|64,test/counting_and_probability/119.json,64,C64,0.0001917832968749105,0.7945078024684753,0.7945078727263124,0.8148886743208863,8.367455611699507,0.8049061703997827,8.842938594851804e-08
test/counting_and_probability/119.json|64,test/counting_and_probability/119.json,64,C32,0.00015551841771845173,0.7510101863817099,0.7510102659152892,0.7674309949408317,6.590296999347222,0.7619786191553946,1.0590213118295197e-07
test/counting_and_probability/119.json|64,test/counting_and_probability/119.json,64,C16,0.0002110238506583816,0.5956407401845416,0.5956407583191444,0.6182353442667824,5.0735235204609666,0.6060498114880072,3.044553804993186e-08
test/geometry/477.json|128,test/geometry/477.json,128,R128,0.0011268443647383798,2.2594456051634313,2.259445492307922,2.118670812180365,38.58314406212,2.1367480933249765,4.994831879296417e-08
test/geometry/477.json|128,test/geometry/477.json,128,R64,0.0007769561585690716,1.6146476468042301,1.61464762441515,1.5924734401571166,27.444214844043724,1.593946726073231,1.3866232790603749e-08
test/geometry/477.json|128,test/geometry/477.json,128,R32,0.0005887024286907028,1.2092883305894302,1.20928831667898,1.1931282057485375,18.65554615810477,1.1940794547702374,1.1503005340602267e-08
test/geometry/477.json|128,test/geometry/477.json,128,R16,0.00042491799711741096,0.8630850940291183,0.8630850897634524,0.8567165168412935,13.074555713883305,0.8597130467335782,4.942346762878734e-09
test/geometry/477.json|128,test/geometry/477.json,128,C128,0.00036546979109358137,0.9212409294355711,0.9212408903768462,0.9292610270750653,6.450531543022206,0.9299967102350842,4.2397947890717977e-08
test/geometry/477.json|128,test/geometry/477.json,128,C64,0.000305542843254257,0.8177991887994558,0.8177991604263901,0.8364855500860208,6.785391906579528,0.8216614513218126,3.4694416506246916e-08
test/geometry/477.json|128,test/geometry/477.json,128,C32,0.00030889435239249744,0.7283535496653618,0.7283535199608043,0.753569614255191,3.9100592135656096,0.7358306876142273,4.078315742954952e-08
test/geometry/477.json|128,test/geometry/477.json,128,C16,0.00032937698038298653,0.6401433582952466,0.6401433371557553,0.6582419977565791,3.1914928505437183,0.6438765214526206,3.302305803007606e-08
