unit_id,prompt_id,t0,horizon,branch,new_KL,state_error_norm,relative_state_error,raw_norm,cosine_to_initial
test/algebra/1332.json|64,test/algebra/1332.json,64,0,REAL_R,0.0,4.555059195627039,0.021314590283221503,4.555059195627039,1.0000454353805648
test/algebra/1332.json|64,test/algebra/1332.json,64,0,REAL_C,0.0,2.244530007461134,0.010502879421053157,2.244530007461134,1.0000642054630717
test/algebra/1332.json|64,test/algebra/1332.json,64,1,REAL_R,0.0015356484800577164,4.480218628575263,0.021042115145187952,4.480218628575263,0.7758218489306435
test/algebra/1332.json|64,test/algebra/1332.json,64,1,REAL_C,5.362617230275646e-07,2.179892209099312,0.010238237610862452,2.179892209099312,0.9747656591248646
test/algebra/1332.json|64,test/algebra/1332.json,64,2,REAL_R,0.0005629106890410185,4.5205697024059,0.02102663221332328,4.5205697024059,0.6377018377642164
test/algebra/1332.json|64,test/algebra/1332.json,64,2,REAL_C,6.498785296571441e-07,2.163334357390421,0.01006236799381401,2.163334357390421,0.954411023942558
test/algebra/1332.json|64,test/algebra/1332.json,64,4,REAL_R,6.62714501231676e-06,4.455633315557198,0.02012961699449765,4.455633315557198,0.5804000699595627
test/algebra/1332.json|64,test/algebra/1332.json,64,4,REAL_C,6.195047262735898e-06,2.1479959880165134,0.009704195449279878,2.1479959880165134,0.9248911429131995
test/algebra/1332.json|64,test/algebra/1332.json,64,8,REAL_R,1.1903737686225213e-05,4.234653908308122,0.019805728472121403,4.234653908308122,0.5623803328309965
test/algebra/1332.json|64,test/algebra/1332.json,64,8,REAL_C,0.00013242413115222007,2.1035938402089815,0.009838633644432113,2.1035938402089815,0.9126223488357326
test/algebra/1332.json|64,test/algebra/1332.json,64,16,REAL_R,-1.2447299013729207e-07,3.8796385703448673,0.018913264615888492,3.8796385703448673,0.43835887986926875
test/algebra/1332.json|64,test/algebra/1332.json,64,16,REAL_C,-4.149629262428789e-08,1.913526911466482,0.009328456805957655,1.913526911466482,0.8390878816231351
test/algebra/1332.json|64,test/algebra/1332.json,64,32,REAL_R,5.984809092751675e-08,4.262213311416411,0.020140945239660465,4.262213311416411,0.34546867288365884
test/algebra/1332.json|64,test/algebra/1332.json,64,32,REAL_C,-8.074886315156959e-10,1.8301937596540956,0.008648518879246706,1.8301937596540956,0.8056603558427793
test/algebra/1332.json|128,test/algebra/1332.json,128,0,REAL_R,0.0,4.7130240167533,0.02063988993448973,4.7130240167533,1.000047869111766
test/algebra/1332.json|128,test/algebra/1332.json,128,0,REAL_C,0.0,2.4182211776967217,0.010590189816027214,2.4182211776967217,1.000065626401423
test/algebra/1332.json|128,test/algebra/1332.json,128,1,REAL_R,2.894802264563623e-08,4.618455228021935,0.020089269301997267,4.618455228021935,0.906591696514667
test/algebra/1332.json|128,test/algebra/1332.json,128,1,REAL_C,-2.5000474579428555e-08,2.356098662438896,0.010248513451993074,2.356098662438896,0.9843436235301333
test/algebra/1332.json|128,test/algebra/1332.json,128,2,REAL_R,-1.4977662166071326e-10,4.509161534487882,0.01991706254782394,4.509161534487882,0.8364052344070685
test/algebra/1332.json|128,test/algebra/1332.json,128,2,REAL_C,-1.057946369398266e-10,2.304083232696041,0.010177184718269658,2.304083232696041,0.9698478445538748
test/algebra/1332.json|128,test/algebra/1332.json,128,4,REAL_R,0.001941045979037881,4.367091668042717,0.019243553866217955,4.367091668042717,0.7420615908043618
test/algebra/1332.json|128,test/algebra/1332.json,128,4,REAL_C,4.4187197545397794e-07,2.271945133929143,0.010011307728159549,2.271945133929143,0.9446018745673794
test/algebra/1332.json|128,test/algebra/1332.json,128,8,REAL_R,3.055087654502131e-05,4.182796911772306,0.018403535036617284,4.182796911772306,0.6783412288339216
test/algebra/1332.json|128,test/algebra/1332.json,128,8,REAL_C,4.353927707256844e-08,2.2318695250579466,0.009819814317534863,2.2318695250579466,0.9239029666752478
test/algebra/1332.json|128,test/algebra/1332.json,128,16,REAL_R,0.006671106442809105,3.8410737766767515,0.017038023690764164,3.8410737766767515,0.5387740422704405
test/algebra/1332.json|128,test/algebra/1332.json,128,16,REAL_C,1.1126276149298064e-06,2.1447552549534707,0.009513587337654365,2.1447552549534707,0.8499954841242544
test/algebra/1332.json|128,test/algebra/1332.json,128,32,REAL_R,0.00014358949556481093,3.491174034261627,0.014907089672380918,3.491174034261627,0.5163613370771872
test/algebra/1332.json|128,test/algebra/1332.json,128,32,REAL_C,0.00013255246449261904,2.0563776975750034,0.008780601149411947,2.0563776975750034,0.7965637101723169
test/algebra/1332.json|256,test/algebra/1332.json,256,0,REAL_R,0.0,4.853950648148131,0.020062606759082117,4.853950648148131,1.0000493968740916
test/algebra/1332.json|256,test/algebra/1332.json,256,0,REAL_C,0.0,2.624078011782845,0.010845978682465302,2.624078011782845,1.0000693227369422
test/algebra/1332.json|256,test/algebra/1332.json,256,1,REAL_R,7.060964435368078e-08,4.787876362050508,0.019791442632707035,4.787876362050508,0.8545659295599277
test/algebra/1332.json|256,test/algebra/1332.json,256,1,REAL_C,5.02222974319011e-09,2.535885798768108,0.010482484198468537,2.535885798768108,0.9866643015519984
test/algebra/1332.json|256,test/algebra/1332.json,256,2,REAL_R,6.78070364301675e-08,4.7430512901993005,0.019588619908837,4.7430512901993005,0.7899701681511401
test/algebra/1332.json|256,test/algebra/1332.json,256,2,REAL_C,-1.3602538651014129e-08,2.4990273097802884,0.010320886939224427,2.4990273097802884,0.9769852457814805
test/algebra/1332.json|256,test/algebra/1332.json,256,4,REAL_R,-7.72130519521852e-08,4.7581380277540575,0.019642073603210488,4.7581380277540575,0.6393657036944417
test/algebra/1332.json|256,test/algebra/1332.json,256,4,REAL_C,-1.7637130156344938e-07,2.4893273241521174,0.010276194225193306,2.4893273241521174,0.9337966474973068
test/algebra/1332.json|256,test/algebra/1332.json,256,8,REAL_R,0.0006018857238814235,4.60675429478723,0.019244850799320423,4.60675429478723,0.6597140249952558
test/algebra/1332.json|256,test/algebra/1332.json,256,8,REAL_C,3.2933636248344555e-05,2.4552457977294666,0.010256861128111108,2.4552457977294666,0.9212738349597059
test/algebra/1332.json|256,test/algebra/1332.json,256,16,REAL_R,0.017475860193371773,4.262751476431974,0.018108216036317345,4.262751476431974,0.5304843552032403
test/algebra/1332.json|256,test/algebra/1332.json,256,16,REAL_C,7.926536937929995e-08,2.3505873833631514,0.009985321543025947,2.3505873833631514,0.8686976568869045
test/algebra/1332.json|256,test/algebra/1332.json,256,32,REAL_R,8.837545095730093e-08,4.241364352483945,0.017851459910765477,4.241364352483945,0.41917667319306345
test/algebra/1332.json|256,test/algebra/1332.json,256,32,REAL_C,1.1346439521275897e-07,2.330901052428404,0.009810519265815474,2.330901052428404,0.7487520439579883
test/counting_and_probability/119.json|64,test/counting_and_probability/119.json,64,0,REAL_R,0.0,4.139336953340588,0.020069611442377202,4.139336953340588,1.0000464387567585
test/counting_and_probability/119.json|64,test/counting_and_probability/119.json,64,0,REAL_C,0.0,2.162160644121306,0.010483254804490945,2.162160644121306,1.0000663675588994
test/counting_and_probability/119.json|64,test/counting_and_probability/119.json,64,1,REAL_R,0.015151944942772388,4.050532102952469,0.01966064881666159,4.050532102952469,0.7651861835329546
test/counting_and_probability/119.json|64,test/counting_and_probability/119.json,64,1,REAL_C,1.0241674317512661e-05,2.0833548080730244,0.010112278140487011,2.0833548080730244,0.9820673813699808
test/counting_and_probability/119.json|64,test/counting_and_probability/119.json,64,2,REAL_R,4.3319778342265636e-06,4.244733209358887,0.020614682710252137,4.244733209358887,0.5208993738555147
test/counting_and_probability/119.json|64,test/counting_and_probability/119.json,64,2,REAL_C,-4.007672416150854e-08,2.0620452931078095,0.010014388974520902,2.0620452931078095,0.9541879508224302
test/counting_and_probability/119.json|64,test/counting_and_probability/119.json,64,4,REAL_R,1.2107236670999555e-06,3.8890180211995196,0.019186024508429184,3.8890180211995196,0.5350447844325649
test/counting_and_probability/119.json|64,test/counting_and_probability/119.json,64,4,REAL_C,-2.99147231430652e-08,2.0031278234694327,0.009882201446509895,2.0031278234694327,0.9184070379998094
test/counting_and_probability/119.json|64,test/counting_and_probability/119.json,64,8,REAL_R,0.014549368061125278,3.580252135575558,0.01705697052196011,3.580252135575558,0.5614040974582679
test/counting_and_probability/119.json|64,test/counting_and_probability/119.json,64,8,REAL_C,0.0010915376478806138,1.966478336915271,0.009368659456003568,1.966478336915271,0.8891053434461106
test/counting_and_probability/119.json|64,test/counting_and_probability/119.json,64,16,REAL_R,0.01280418410897255,3.2632987037267163,0.016498400367491114,3.2632987037267163,0.49701138222631164
test/counting_and_probability/119.json|64,test/counting_and_probability/119.json,64,16,REAL_C,-3.913565649327211e-08,1.8049398906474359,0.009125312654079006,1.8049398906474359,0.8503668021608849
test/counting_and_probability/119.json|64,test/counting_and_probability/119.json,64,32,REAL_R,0.0037169288843870163,2.755766828291635,0.013184866569974286,2.755766828291635,0.4921695144281974
test/counting_and_probability/119.json|64,test/counting_and_probability/119.json,64,32,REAL_C,0.0009570471593178809,1.670523686933621,0.007992560070060608,1.670523686933621,0.8048606637142554
test/counting_and_probability/119.json|128,test/counting_and_probability/119.json,128,0,REAL_R,0.0,4.544198105376171,0.019541179042337396,4.544198105376171,1.0000459486282163
test/counting_and_probability/119.json|128,test/counting_and_probability/119.json,128,0,REAL_C,0.0,2.424681462237953,0.01042673173032936,2.424681462237953,1.0000631816759653
test/counting_and_probability/119.json|128,test/counting_and_probability/119.json,128,1,REAL_R,1.2860490450350426e-08,4.512580442863879,0.01926572898594231,4.512580442863879,0.8250726830622206
test/counting_and_probability/119.json|128,test/counting_and_probability/119.json,128,1,REAL_C,-1.6518061363157699e-09,2.3608160575257555,0.010079120566565816,2.3608160575257555,0.9728792057539365
test/counting_and_probability/119.json|128,test/counting_and_probability/119.json,128,2,REAL_R,6.513934636132035e-08,4.488185226951944,0.01877119581924644,4.488185226951944,0.7513673429118898
test/counting_and_probability/119.json|128,test/counting_and_probability/119.json,128,2,REAL_C,-4.4160564982576034e-08,2.3427641145915423,0.009798277417166011,2.3427641145915423,0.9555765628581642
test/counting_and_probability/119.json|128,test/counting_and_probability/119.json,128,4,REAL_R,2.3669452176022787e-08,4.4274677797982305,0.01838680957120098,4.4274677797982305,0.6773483513688365
test/counting_and_probability/119.json|128,test/counting_and_probability/119.json,128,4,REAL_C,3.2270168759396256e-09,2.328981249799564,0.009672014990228515,2.328981249799564,0.9309467828259468
test/counting_and_probability/119.json|128,test/counting_and_probability/119.json,128,8,REAL_R,8.90646333573386e-06,4.327109939447712,0.0182409474908566,4.327109939447712,0.6366977695450605
test/counting_and_probability/119.json|128,test/counting_and_probability/119.json,128,8,REAL_C,-1.7434951260497655e-08,2.303082328301506,0.009708651826634546,2.303082328301506,0.9155118090369543
test/counting_and_probability/119.json|128,test/counting_and_probability/119.json,128,16,REAL_R,1.6765288819442503e-06,4.14291235069667,0.017492190142604475,4.14291235069667,0.6045184009960182
test/counting_and_probability/119.json|128,test/counting_and_probability/119.json,128,16,REAL_C,3.8490361475851387e-07,2.2619590192787324,0.009550435517504787,2.2619590192787324,0.8773659247930579
test/counting_and_probability/119.json|128,test/counting_and_probability/119.json,128,32,REAL_R,6.705499799863901e-08,3.7644589435119333,0.016385171907677628,3.7644589435119333,0.5366270093895372
test/counting_and_probability/119.json|128,test/counting_and_probability/119.json,128,32,REAL_C,3.677343585195558e-08,2.1422868818911605,0.00932451100199868,2.1422868818911605,0.8218568212016891
test/counting_and_probability/119.json|256,test/counting_and_probability/119.json,256,0,REAL_R,0.0,4.6330727259712585,0.01964714262269289,4.6330727259712585,1.0000496160262569
test/counting_and_probability/119.json|256,test/counting_and_probability/119.json,256,0,REAL_C,0.0,2.5641558340532526,0.010873633624625045,2.5641558340532526,1.0000688017348236
test/counting_and_probability/119.json|256,test/counting_and_probability/119.json,256,1,REAL_R,0.001622024574317038,4.5337561951428125,0.019209064909957146,4.5337561951428125,0.8833880290552881
test/counting_and_probability/119.json|256,test/counting_and_probability/119.json,256,1,REAL_C,0.0009529736707918346,2.527943100892777,0.010710638380985566,2.527943100892777,0.9868885724671134
test/counting_and_probability/119.json|256,test/counting_and_probability/119.json,256,2,REAL_R,4.068148700753227e-05,4.389722161704606,0.01906884011554082,4.389722161704606,0.7569412296046564
test/counting_and_probability/119.json|256,test/counting_and_probability/119.json,256,2,REAL_C,8.573508239351213e-06,2.428799158129155,0.01055064104584248,2.428799158129155,0.9675622866920596
test/counting_and_probability/119.json|256,test/counting_and_probability/119.json,256,4,REAL_R,2.3016370960249333e-06,4.39631389757759,0.01872030833986735,4.39631389757759,0.6433582985922595
test/counting_and_probability/119.json|256,test/counting_and_probability/119.json,256,4,REAL_C,1.7490920933838083e-09,2.40592390303558,0.010244863846482946,2.40592390303558,0.9209539286796092
test/counting_and_probability/119.json|256,test/counting_and_probability/119.json,256,8,REAL_R,-9.74994591729228e-08,4.249360507641812,0.01790282532875083,4.249360507641812,0.6265110161013923
test/counting_and_probability/119.json|256,test/counting_and_probability/119.json,256,8,REAL_C,3.612813936904047e-10,2.389493340997222,0.010067086996068167,2.389493340997222,0.885675669058088
test/counting_and_probability/119.json|256,test/counting_and_probability/119.json,256,16,REAL_R,1.5255521645940462e-07,4.035284671069493,0.016758462981800823,4.035284671069493,0.6084942199465346
test/counting_and_probability/119.json|256,test/counting_and_probability/119.json,256,16,REAL_C,5.503250122274039e-07,2.3371737707636644,0.009706239661401125,2.3371737707636644,0.8685704026353162
test/counting_and_probability/119.json|256,test/counting_and_probability/119.json,256,32,REAL_R,7.820477065934028e-08,4.075694250856003,0.01701073427222549,4.075694250856003,0.4582003486849495
test/counting_and_probability/119.json|256,test/counting_and_probability/119.json,256,32,REAL_C,8.795686845530781e-09,2.2654605440787527,0.009455357774062968,2.2654605440787527,0.8164669416164664
test/geometry/477.json|64,test/geometry/477.json,64,0,REAL_R,0.0,4.513430130681638,0.020767956533640098,4.513430130681638,1.000046976254043
test/geometry/477.json|64,test/geometry/477.json,64,0,REAL_C,0.0,2.2691080054312955,0.01044100275455354,2.2691080054312955,1.0000631857676432
test/geometry/477.json|64,test/geometry/477.json,64,1,REAL_R,0.00160515820607543,4.366895287411057,0.020097752740138017,4.366895287411057,0.8683991709559353
test/geometry/477.json|64,test/geometry/477.json,64,1,REAL_C,0.0015930638182908297,2.207599293380388,0.010160029455152377,2.207599293380388,0.9850327686858876
test/geometry/477.json|64,test/geometry/477.json,64,2,REAL_R,2.369453250139486e-05,4.3068490249624265,0.02006159131263411,4.3068490249624265,0.7170883621922773
test/geometry/477.json|64,test/geometry/477.json,64,2,REAL_C,-1.442601371692831e-09,2.164792751882499,0.01008374967710834,2.164792751882499,0.9672063928433005
test/geometry/477.json|64,test/geometry/477.json,64,4,REAL_R,7.898671901784837e-05,4.243684476096296,0.019423215084178568,4.243684476096296,0.6124812299717463
test/geometry/477.json|64,test/geometry/477.json,64,4,REAL_C,7.875456503825262e-05,2.1440469506579136,0.00981323783796335,2.1440469506579136,0.9270221150555255
test/geometry/477.json|64,test/geometry/477.json,64,8,REAL_R,-6.551049924752306e-09,4.1099281084779875,0.019097492281863408,4.1099281084779875,0.4289359214661612
test/geometry/477.json|64,test/geometry/477.json,64,8,REAL_C,-4.1134875061743514e-08,2.0897313583797836,0.00971029843697316,2.0897313583797836,0.851505473739016
test/geometry/477.json|64,test/geometry/477.json,64,16,REAL_R,2.6359643015894108e-05,3.696134524047277,0.017212168807622046,3.696134524047277,0.40494204551013707
test/geometry/477.json|64,test/geometry/477.json,64,16,REAL_C,-7.153830949846451e-08,2.021609305089151,0.009414235438636565,2.021609305089151,0.8151496616929248
test/geometry/477.json|64,test/geometry/477.json,64,32,REAL_R,1.2427356921307364e-07,3.401753273306757,0.015865376953320413,3.401753273306757,0.39424924530913535
test/geometry/477.json|64,test/geometry/477.json,64,32,REAL_C,3.1014089074687945e-08,1.9244584602742485,0.008975447791243815,1.9244584602742485,0.7761163487676326
test/geometry/477.json|128,test/geometry/477.json,128,0,REAL_R,0.0,4.484895627013627,0.020704858729838772,4.484895627013627,1.000046442355523
test/geometry/477.json|128,test/geometry/477.json,128,0,REAL_C,0.0,2.2081861365556867,0.010194257750657583,2.2081861365556867,1.0000680015039922
test/geometry/477.json|128,test/geometry/477.json,128,1,REAL_R,0.0003740715910680592,4.394208900346422,0.02004891100329403,4.394208900346422,0.8907163931380723
test/geometry/477.json|128,test/geometry/477.json,128,1,REAL_C,7.348054350586608e-05,2.1685865081112827,0.009894340230533795,2.1685865081112827,0.9767646154043038
test/geometry/477.json|128,test/geometry/477.json,128,2,REAL_R,8.449037704849616e-05,4.320671758016505,0.019802283307406326,4.320671758016505,0.8119772587361073
test/geometry/477.json|128,test/geometry/477.json,128,2,REAL_C,2.0673285689554177e-05,2.1355096860026976,0.009787359507112599,2.1355096860026976,0.9494686594357326
test/geometry/477.json|128,test/geometry/477.json,128,4,REAL_R,1.3574324952969619e-07,4.389917405709875,0.020158629751452238,4.389917405709875,0.5297475280021211
test/geometry/477.json|128,test/geometry/477.json,128,4,REAL_C,6.799232732390692e-09,2.1252117105589483,0.009759034637163206,2.1252117105589483,0.8763909985198768
test/geometry/477.json|128,test/geometry/477.json,128,8,REAL_R,0.00039892931818030775,3.995495325329898,0.018576368385156625,3.995495325329898,0.5550434926923895
test/geometry/477.json|128,test/geometry/477.json,128,8,REAL_C,1.8825216102413833e-05,2.0658455631275965,0.009604793669563601,2.0658455631275965,0.8638801860781524
test/geometry/477.json|128,test/geometry/477.json,128,16,REAL_R,0.0005458443192765117,3.7306119939719675,0.016830208849908605,3.7306119939719675,0.5110200832921875
test/geometry/477.json|128,test/geometry/477.json,128,16,REAL_C,0.0005131593206897378,2.0250410244456076,0.009135729855080862,2.0250410244456076,0.8187039403397831
test/geometry/477.json|128,test/geometry/477.json,128,32,REAL_R,1.6307581063301768e-06,3.4917615434983644,0.01563097343475297,3.4917615434983644,0.4635657374790004
test/geometry/477.json|128,test/geometry/477.json,128,32,REAL_C,8.366160209050122e-09,1.948674645452581,0.008723299468361942,1.948674645452581,0.776082824530897
test/geometry/477.json|256,test/geometry/477.json,256,0,REAL_R,0.0,4.708524893200239,0.020251776312938435,4.708524893200239,1.000047282982483
test/geometry/477.json|256,test/geometry/477.json,256,0,REAL_C,0.0,2.509195304049698,0.010792267891898558,2.509195304049698,1.0000656940974104
test/geometry/477.json|256,test/geometry/477.json,256,1,REAL_R,2.1294927137205377e-05,4.565863149913183,0.019793104867211316,4.565863149913183,0.8571956854505233
test/geometry/477.json|256,test/geometry/477.json,256,1,REAL_C,7.142281219785218e-07,2.404035165927467,0.010421538837529738,2.404035165927467,0.9897620152050058
test/geometry/477.json|256,test/geometry/477.json,256,2,REAL_R,0.00017899845261126757,4.520574422185291,0.019412666431342693,4.520574422185291,0.7427538877313027
test/geometry/477.json|256,test/geometry/477.json,256,2,REAL_C,0.00026131668710149825,2.3924710245222354,0.01027396910396428,2.3924710245222354,0.9666029564630964
test/geometry/477.json|256,test/geometry/477.json,256,4,REAL_R,2.027286791417282e-05,4.432176277065893,0.019173167056837505,4.432176277065893,0.6608325856503282
test/geometry/477.json|256,test/geometry/477.json,256,4,REAL_C,5.109975553807544e-09,2.3682067136377833,0.010244633811306848,2.3682067136377833,0.9142073664396274
test/geometry/477.json|256,test/geometry/477.json,256,8,REAL_R,9.869429777609184e-05,4.256542219743752,0.01839816383621666,4.256542219743752,0.5972903908416884
test/geometry/477.json|256,test/geometry/477.json,256,8,REAL_C,1.8372716681369639e-07,2.3355451951165187,0.010094988121421511,2.3355451951165187,0.8844357316535056
test/geometry/477.json|256,test/geometry/477.json,256,16,REAL_R,-3.68661581262586e-08,4.01291515246859,0.01745220779488698,4.01291515246859,0.5517422166838816
test/geometry/477.json|256,test/geometry/477.json,256,16,REAL_C,2.573524761828594e-05,2.2795688051872256,0.009913867340652947,2.2795688051872256,0.8511445889027828
test/geometry/477.json|256,test/geometry/477.json,256,32,REAL_R,0.0010219089454039931,3.686923058698865,0.015626562945805635,3.686923058698865,0.52325494392299
test/geometry/477.json|256,test/geometry/477.json,256,32,REAL_C,0.0009516419377177954,2.2033447966130515,0.009338601757460582,2.2033447966130515,0.7969002790432856
